date;journal;compte;libelle;debit;credit;piece
2024-06-22;VT;411000;Facture N°FAC2024-0001 - CLIENT_013;9539.04;0.00;FAC2024-0001
2024-06-22;VT;700000;Vente marchandises - CLIENT_013;0.00;8016;FAC2024-0001
2024-06-22;VT;445700;TVA sur vente - CLIENT_013;0.00;1523.04;FAC2024-0001
2024-04-02;VT;411000;Facture N°FAC2024-0002 - CLIENT_008;216722.80;0.00;FAC2024-0002
2024-04-02;VT;700000;Vente marchandises - CLIENT_008;0.00;182120;FAC2024-0002
2024-04-02;VT;445700;TVA sur vente - CLIENT_008;0.00;34602.80;FAC2024-0002
2024-09-10;VT;411000;Facture N°FAC2024-0003 - CLIENT_015;546978.74;0.00;FAC2024-0003
2024-09-10;VT;700000;Vente marchandises - CLIENT_015;0.00;459646;FAC2024-0003
2024-09-10;VT;445700;TVA sur vente - CLIENT_015;0.00;87332.74;FAC2024-0003
2024-10-05;VT;411000;Facture N°FAC2024-0004 - CLIENT_008;472130.12;0.00;FAC2024-0004
2024-10-05;VT;700000;Vente marchandises - CLIENT_008;0.00;396748;FAC2024-0004
2024-10-05;VT;445700;TVA sur vente - CLIENT_008;0.00;75382.12;FAC2024-0004
2024-05-01;VT;411000;Facture N°FAC2024-0005 - CLIENT_002;474378.03;0.00;FAC2024-0005
2024-05-01;VT;700000;Vente marchandises - CLIENT_002;0.00;398637;FAC2024-0005
2024-05-01;VT;445700;TVA sur vente - CLIENT_002;0.00;75741.03;FAC2024-0005
2024-05-29;VT;411000;Facture N°FAC2024-0006 - CLIENT_002;560335.30;0.00;FAC2024-0006
2024-05-29;VT;700000;Vente marchandises - CLIENT_002;0.00;470870;FAC2024-0006
2024-05-29;VT;445700;TVA sur vente - CLIENT_002;0.00;89465.30;FAC2024-0006
2024-06-16;VT;411000;Facture N°FAC2024-0007 - CLIENT_014;500577.07;0.00;FAC2024-0007
2024-06-16;VT;700000;Vente marchandises - CLIENT_014;0.00;420653;FAC2024-0007
2024-06-16;VT;445700;TVA sur vente - CLIENT_014;0.00;79924.07;FAC2024-0007
2024-06-05;VT;411000;Facture N°FAC2024-0008 - CLIENT_005;449264.27;0.00;FAC2024-0008
2024-06-05;VT;700000;Vente marchandises - CLIENT_005;0.00;377533;FAC2024-0008
2024-06-05;VT;445700;TVA sur vente - CLIENT_005;0.00;71731.27;FAC2024-0008
2024-04-27;VT;411000;Facture N°FAC2024-0009 - CLIENT_014;35873.74;0.00;FAC2024-0009
2024-04-27;VT;700000;Vente marchandises - CLIENT_014;0.00;30146;FAC2024-0009
2024-04-27;VT;445700;TVA sur vente - CLIENT_014;0.00;5727.74;FAC2024-0009
2024-10-14;VT;411000;Facture N°FAC2024-0010 - CLIENT_019;59830.82;0.00;FAC2024-0010
2024-10-14;VT;700000;Vente marchandises - CLIENT_019;0.00;50278;FAC2024-0010
2024-10-14;VT;445700;TVA sur vente - CLIENT_019;0.00;9552.82;FAC2024-0010
2024-01-14;VT;411000;Facture N°FAC2024-0011 - CLIENT_015;7149.52;0.00;FAC2024-0011
2024-01-14;VT;700000;Vente marchandises - CLIENT_015;0.00;6008;FAC2024-0011
2024-01-14;VT;445700;TVA sur vente - CLIENT_015;0.00;1141.52;FAC2024-0011
2024-01-15;VT;411000;Facture N°FAC2024-0012 - CLIENT_020;19757.57;0.00;FAC2024-0012
2024-01-15;VT;700000;Vente marchandises - CLIENT_020;0.00;16603;FAC2024-0012
2024-01-15;VT;445700;TVA sur vente - CLIENT_020;0.00;3154.57;FAC2024-0012
2024-07-11;VT;411000;Facture N°FAC2024-0013 - CLIENT_001;297478.58;0.00;FAC2024-0013
2024-07-11;VT;700000;Vente marchandises - CLIENT_001;0.00;249982;FAC2024-0013
2024-07-11;VT;445700;TVA sur vente - CLIENT_001;0.00;47496.58;FAC2024-0013
2024-09-08;VT;411000;Facture N°FAC2024-0014 - CLIENT_008;103013.54;0.00;FAC2024-0014
2024-09-08;VT;700000;Vente marchandises - CLIENT_008;0.00;86566;FAC2024-0014
2024-09-08;VT;445700;TVA sur vente - CLIENT_008;0.00;16447.54;FAC2024-0014
2024-09-23;VT;411000;Facture N°FAC2024-0015 - CLIENT_004;244684.23;0.00;FAC2024-0015
2024-09-23;VT;700000;Vente marchandises - CLIENT_004;0.00;205617;FAC2024-0015
2024-09-23;VT;445700;TVA sur vente - CLIENT_004;0.00;39067.23;FAC2024-0015
2024-02-24;VT;411000;Facture N°FAC2024-0016 - CLIENT_017;515330.69;0.00;FAC2024-0016
2024-02-24;VT;700000;Vente marchandises - CLIENT_017;0.00;433051;FAC2024-0016
2024-02-24;VT;445700;TVA sur vente - CLIENT_017;0.00;82279.69;FAC2024-0016
2024-03-25;VT;411000;Facture N°FAC2024-0017 - CLIENT_006;372124.90;0.00;FAC2024-0017
2024-03-25;VT;700000;Vente marchandises - CLIENT_006;0.00;312710;FAC2024-0017
2024-03-25;VT;445700;TVA sur vente - CLIENT_006;0.00;59414.90;FAC2024-0017
2024-12-23;VT;411000;Facture N°FAC2024-0018 - CLIENT_013;315402.40;0.00;FAC2024-0018
2024-12-23;VT;700000;Vente marchandises - CLIENT_013;0.00;289360;FAC2024-0018
2024-12-23;VT;445700;TVA sur vente - CLIENT_013;0.00;26042.40;FAC2024-0018
2024-09-26;VT;411000;Facture N°FAC2024-0019 - CLIENT_002;78098.51;0.00;FAC2024-0019
2024-09-26;VT;700000;Vente marchandises - CLIENT_002;0.00;65629;FAC2024-0019
2024-09-26;VT;445700;TVA sur vente - CLIENT_002;0.00;12469.51;FAC2024-0019
2024-09-29;VT;411000;Facture N°FAC2024-0020 - CLIENT_013;363949.60;0.00;FAC2024-0020
2024-09-29;VT;700000;Vente marchandises - CLIENT_013;0.00;305840;FAC2024-0020
2024-09-29;VT;445700;TVA sur vente - CLIENT_013;0.00;58109.60;FAC2024-0020
2024-09-30;VT;411000;Facture N°FAC2024-0021 - CLIENT_017;78666.14;0.00;FAC2024-0021
2024-09-30;VT;700000;Vente marchandises - CLIENT_017;0.00;66106;FAC2024-0021
2024-09-30;VT;445700;TVA sur vente - CLIENT_017;0.00;12560.14;FAC2024-0021
2024-10-25;VT;411000;Facture N°FAC2024-0022 - CLIENT_013;563970.75;0.00;FAC2024-0022
2024-10-25;VT;700000;Vente marchandises - CLIENT_013;0.00;473925;FAC2024-0022
2024-10-25;VT;445700;TVA sur vente - CLIENT_013;0.00;90045.75;FAC2024-0022
2024-05-06;VT;411000;Facture N°FAC2024-0023 - CLIENT_001;77940.24;0.00;FAC2024-0023
2024-05-06;VT;700000;Vente marchandises - CLIENT_001;0.00;65496;FAC2024-0023
2024-05-06;VT;445700;TVA sur vente - CLIENT_001;0.00;12444.24;FAC2024-0023
2024-12-07;VT;411000;Facture N°FAC2024-0024 - CLIENT_002;390526.29;0.00;FAC2024-0024
2024-12-07;VT;700000;Vente marchandises - CLIENT_002;0.00;358281;FAC2024-0024
2024-12-07;VT;445700;TVA sur vente - CLIENT_002;0.00;32245.29;FAC2024-0024
2024-03-15;VT;411000;Facture N°FAC2024-0025 - CLIENT_010;279323.40;0.00;FAC2024-0025
2024-03-15;VT;700000;Vente marchandises - CLIENT_010;0.00;256260;FAC2024-0025
2024-03-15;VT;445700;TVA sur vente - CLIENT_010;0.00;23063.40;FAC2024-0025
2024-07-30;VT;411000;Facture N°FAC2024-0026 - CLIENT_016;96993.33;0.00;FAC2024-0026
2024-07-30;VT;700000;Vente marchandises - CLIENT_016;0.00;81507;FAC2024-0026
2024-07-30;VT;445700;TVA sur vente - CLIENT_016;0.00;15486.33;FAC2024-0026
2024-06-26;VT;411000;Facture N°FAC2024-0027 - CLIENT_005;369164.18;0.00;FAC2024-0027
2024-06-26;VT;700000;Vente marchandises - CLIENT_005;0.00;310222;FAC2024-0027
2024-06-26;VT;445700;TVA sur vente - CLIENT_005;0.00;58942.18;FAC2024-0027
2024-06-13;VT;411000;Facture N°FAC2024-0028 - CLIENT_010;297400.04;0.00;FAC2024-0028
2024-06-13;VT;700000;Vente marchandises - CLIENT_010;0.00;249916;FAC2024-0028
2024-06-13;VT;445700;TVA sur vente - CLIENT_010;0.00;47484.04;FAC2024-0028
2024-01-23;VT;411000;Facture N°FAC2024-0029 - CLIENT_010;187821.17;0.00;FAC2024-0029
2024-01-23;VT;700000;Vente marchandises - CLIENT_010;0.00;172313;FAC2024-0029
2024-01-23;VT;445700;TVA sur vente - CLIENT_010;0.00;15508.17;FAC2024-0029
2024-08-10;VT;411000;Facture N°FAC2024-0030 - CLIENT_020;333221.72;0.00;FAC2024-0030
2024-08-10;VT;700000;Vente marchandises - CLIENT_020;0.00;305708;FAC2024-0030
2024-08-10;VT;445700;TVA sur vente - CLIENT_020;0.00;27513.72;FAC2024-0030
2024-04-10;VT;411000;Facture N°FAC2024-0031 - CLIENT_008;393782.90;0.00;FAC2024-0031
2024-04-10;VT;700000;Vente marchandises - CLIENT_008;0.00;330910;FAC2024-0031
2024-04-10;VT;445700;TVA sur vente - CLIENT_008;0.00;62872.90;FAC2024-0031
2024-12-28;VT;411000;Facture N°FAC2024-0032 - CLIENT_005;58274.30;0.00;FAC2024-0032
2024-12-28;VT;700000;Vente marchandises - CLIENT_005;0.00;48970;FAC2024-0032
2024-12-28;VT;445700;TVA sur vente - CLIENT_005;0.00;9304.30;FAC2024-0032
2024-12-28;VT;411000;Facture N°FAC2024-0033 - CLIENT_010;196188.16;0.00;FAC2024-0033
2024-12-28;VT;700000;Vente marchandises - CLIENT_010;0.00;164864;FAC2024-0033
2024-12-28;VT;445700;TVA sur vente - CLIENT_010;0.00;31324.16;FAC2024-0033
2024-12-14;VT;411000;Facture N°FAC2024-0034 - CLIENT_003;241022.98;0.00;FAC2024-0034
2024-12-14;VT;700000;Vente marchandises - CLIENT_003;0.00;221122;FAC2024-0034
2024-12-14;VT;445700;TVA sur vente - CLIENT_003;0.00;19900.98;FAC2024-0034
2024-01-27;VT;411000;Facture N°FAC2024-0035 - CLIENT_015;388876.53;0.00;FAC2024-0035
2024-01-27;VT;700000;Vente marchandises - CLIENT_015;0.00;326787;FAC2024-0035
2024-01-27;VT;445700;TVA sur vente - CLIENT_015;0.00;62089.53;FAC2024-0035
2024-08-23;VT;411000;Facture N°FAC2024-0036 - CLIENT_018;13122.13;0.00;FAC2024-0036
2024-08-23;VT;700000;Vente marchandises - CLIENT_018;0.00;11027;FAC2024-0036
2024-08-23;VT;445700;TVA sur vente - CLIENT_018;0.00;2095.13;FAC2024-0036
2024-06-16;VT;411000;Facture N°FAC2024-0037 - CLIENT_001;159940.76;0.00;FAC2024-0037
2024-06-16;VT;700000;Vente marchandises - CLIENT_001;0.00;134404;FAC2024-0037
2024-06-16;VT;445700;TVA sur vente - CLIENT_001;0.00;25536.76;FAC2024-0037
2024-01-12;VT;411000;Facture N°FAC2024-0038 - CLIENT_010;447535.47;0.00;FAC2024-0038
2024-01-12;VT;700000;Vente marchandises - CLIENT_010;0.00;410583;FAC2024-0038
2024-01-12;VT;445700;TVA sur vente - CLIENT_010;0.00;36952.47;FAC2024-0038
2024-03-14;VT;411000;Facture N°FAC2024-0039 - CLIENT_019;300507.55;0.00;FAC2024-0039
2024-03-14;VT;700000;Vente marchandises - CLIENT_019;0.00;275695;FAC2024-0039
2024-03-14;VT;445700;TVA sur vente - CLIENT_019;0.00;24812.55;FAC2024-0039
2024-07-21;VT;411000;Facture N°FAC2024-0040 - CLIENT_015;46631.34;0.00;FAC2024-0040
2024-07-21;VT;700000;Vente marchandises - CLIENT_015;0.00;39186;FAC2024-0040
2024-07-21;VT;445700;TVA sur vente - CLIENT_015;0.00;7445.34;FAC2024-0040
2024-03-04;VT;411000;Facture N°FAC2024-0041 - CLIENT_020;75945.80;0.00;FAC2024-0041
2024-03-04;VT;700000;Vente marchandises - CLIENT_020;0.00;63820;FAC2024-0041
2024-03-04;VT;445700;TVA sur vente - CLIENT_020;0.00;12125.80;FAC2024-0041
2024-01-07;VT;411000;Facture N°FAC2024-0042 - CLIENT_012;260056.65;0.00;FAC2024-0042
2024-01-07;VT;700000;Vente marchandises - CLIENT_012;0.00;218535;FAC2024-0042
2024-01-07;VT;445700;TVA sur vente - CLIENT_012;0.00;41521.65;FAC2024-0042
2024-11-30;VT;411000;Facture N°FAC2024-0043 - CLIENT_006;147808.71;0.00;FAC2024-0043
2024-11-30;VT;700000;Vente marchandises - CLIENT_006;0.00;124209;FAC2024-0043
2024-11-30;VT;445700;TVA sur vente - CLIENT_006;0.00;23599.71;FAC2024-0043
2024-01-24;VT;411000;Facture N°FAC2024-0044 - CLIENT_010;393560.37;0.00;FAC2024-0044
2024-01-24;VT;700000;Vente marchandises - CLIENT_010;0.00;330723;FAC2024-0044
2024-01-24;VT;445700;TVA sur vente - CLIENT_010;0.00;62837.37;FAC2024-0044
2024-01-31;VT;411000;Facture N°FAC2024-0045 - CLIENT_003;147206.57;0.00;FAC2024-0045
2024-01-31;VT;700000;Vente marchandises - CLIENT_003;0.00;123703;FAC2024-0045
2024-01-31;VT;445700;TVA sur vente - CLIENT_003;0.00;23503.57;FAC2024-0045
2024-05-06;VT;411000;Facture N°FAC2024-0046 - CLIENT_005;7741.18;0.00;FAC2024-0046
2024-05-06;VT;700000;Vente marchandises - CLIENT_005;0.00;7102;FAC2024-0046
2024-05-06;VT;445700;TVA sur vente - CLIENT_005;0.00;639.18;FAC2024-0046
2024-10-13;VT;411000;Facture N°FAC2024-0047 - CLIENT_004;244323.50;0.00;FAC2024-0047
2024-10-13;VT;700000;Vente marchandises - CLIENT_004;0.00;224150;FAC2024-0047
2024-10-13;VT;445700;TVA sur vente - CLIENT_004;0.00;20173.50;FAC2024-0047
2024-07-06;VT;411000;Facture N°FAC2024-0048 - CLIENT_018;244431.95;0.00;FAC2024-0048
2024-07-06;VT;700000;Vente marchandises - CLIENT_018;0.00;205405;FAC2024-0048
2024-07-06;VT;445700;TVA sur vente - CLIENT_018;0.00;39026.95;FAC2024-0048
2024-01-16;VT;411000;Facture N°FAC2024-0049 - CLIENT_013;501130.42;0.00;FAC2024-0049
2024-01-16;VT;700000;Vente marchandises - CLIENT_013;0.00;421118;FAC2024-0049
2024-01-16;VT;445700;TVA sur vente - CLIENT_013;0.00;80012.42;FAC2024-0049
2024-09-03;VT;411000;Facture N°FAC2024-0050 - CLIENT_016;287208.88;0.00;FAC2024-0050
2024-09-03;VT;700000;Vente marchandises - CLIENT_016;0.00;241352;FAC2024-0050
2024-09-03;VT;445700;TVA sur vente - CLIENT_016;0.00;45856.88;FAC2024-0050
2024-06-12;VT;411000;Facture N°FAC2024-0051 - CLIENT_019;55101.76;0.00;FAC2024-0051
2024-06-12;VT;700000;Vente marchandises - CLIENT_019;0.00;46304;FAC2024-0051
2024-06-12;VT;445700;TVA sur vente - CLIENT_019;0.00;8797.76;FAC2024-0051
2024-11-23;VT;411000;Facture N°FAC2024-0052 - CLIENT_007;468485.15;0.00;FAC2024-0052
2024-11-23;VT;700000;Vente marchandises - CLIENT_007;0.00;393685;FAC2024-0052
2024-11-23;VT;445700;TVA sur vente - CLIENT_007;0.00;74800.15;FAC2024-0052
2024-12-12;VT;411000;Facture N°FAC2024-0053 - CLIENT_014;203518.56;0.00;FAC2024-0053
2024-12-12;VT;700000;Vente marchandises - CLIENT_014;0.00;171024;FAC2024-0053
2024-12-12;VT;445700;TVA sur vente - CLIENT_014;0.00;32494.56;FAC2024-0053
2024-11-12;VT;411000;Facture N°FAC2024-0054 - CLIENT_005;13617.17;0.00;FAC2024-0054
2024-11-12;VT;700000;Vente marchandises - CLIENT_005;0.00;11443;FAC2024-0054
2024-11-12;VT;445700;TVA sur vente - CLIENT_005;0.00;2174.17;FAC2024-0054
2024-01-23;VT;411000;Facture N°FAC2024-0055 - CLIENT_008;207049.29;0.00;FAC2024-0055
2024-01-23;VT;700000;Vente marchandises - CLIENT_008;0.00;173991;FAC2024-0055
2024-01-23;VT;445700;TVA sur vente - CLIENT_008;0.00;33058.29;FAC2024-0055
2024-10-23;VT;411000;Facture N°FAC2024-0056 - CLIENT_006;29789.27;0.00;FAC2024-0056
2024-10-23;VT;700000;Vente marchandises - CLIENT_006;0.00;25033;FAC2024-0056
2024-10-23;VT;445700;TVA sur vente - CLIENT_006;0.00;4756.27;FAC2024-0056
2024-12-09;VT;411000;Facture N°FAC2024-0057 - CLIENT_005;384364.05;0.00;FAC2024-0057
2024-12-09;VT;700000;Vente marchandises - CLIENT_005;0.00;322995;FAC2024-0057
2024-12-09;VT;445700;TVA sur vente - CLIENT_005;0.00;61369.05;FAC2024-0057
2024-05-16;VT;411000;Facture N°FAC2024-0058 - CLIENT_009;445405.10;0.00;FAC2024-0058
2024-05-16;VT;700000;Vente marchandises - CLIENT_009;0.00;374290;FAC2024-0058
2024-05-16;VT;445700;TVA sur vente - CLIENT_009;0.00;71115.10;FAC2024-0058
2024-09-02;VT;411000;Facture N°FAC2024-0059 - CLIENT_001;535232.51;0.00;FAC2024-0059
2024-09-02;VT;700000;Vente marchandises - CLIENT_001;0.00;491039;FAC2024-0059
2024-09-02;VT;445700;TVA sur vente - CLIENT_001;0.00;44193.51;FAC2024-0059
2024-04-16;VT;411000;Facture N°FAC2024-0060 - CLIENT_007;382454.84;0.00;FAC2024-0060
2024-04-16;VT;700000;Vente marchandises - CLIENT_007;0.00;350876;FAC2024-0060
2024-04-16;VT;445700;TVA sur vente - CLIENT_007;0.00;31578.84;FAC2024-0060
2024-05-22;VT;411000;Facture N°FAC2024-0061 - CLIENT_020;145347.79;0.00;FAC2024-0061
2024-05-22;VT;700000;Vente marchandises - CLIENT_020;0.00;122141;FAC2024-0061
2024-05-22;VT;445700;TVA sur vente - CLIENT_020;0.00;23206.79;FAC2024-0061
2024-01-20;VT;411000;Facture N°FAC2024-0062 - CLIENT_002;354885.37;0.00;FAC2024-0062
2024-01-20;VT;700000;Vente marchandises - CLIENT_002;0.00;298223;FAC2024-0062
2024-01-20;VT;445700;TVA sur vente - CLIENT_002;0.00;56662.37;FAC2024-0062
2024-07-11;VT;411000;Facture N°FAC2024-0063 - CLIENT_014;152023.69;0.00;FAC2024-0063
2024-07-11;VT;700000;Vente marchandises - CLIENT_014;0.00;127751;FAC2024-0063
2024-07-11;VT;445700;TVA sur vente - CLIENT_014;0.00;24272.69;FAC2024-0063
2024-12-19;VT;411000;Facture N°FAC2024-0064 - CLIENT_004;42099.82;0.00;FAC2024-0064
2024-12-19;VT;700000;Vente marchandises - CLIENT_004;0.00;35378;FAC2024-0064
2024-12-19;VT;445700;TVA sur vente - CLIENT_004;0.00;6721.82;FAC2024-0064
2024-10-10;VT;411000;Facture N°FAC2024-0065 - CLIENT_018;550842.67;0.00;FAC2024-0065
2024-10-10;VT;700000;Vente marchandises - CLIENT_018;0.00;462893;FAC2024-0065
2024-10-10;VT;445700;TVA sur vente - CLIENT_018;0.00;87949.67;FAC2024-0065
2024-10-27;VT;411000;Facture N°FAC2024-0066 - CLIENT_010;513301.74;0.00;FAC2024-0066
2024-10-27;VT;700000;Vente marchandises - CLIENT_010;0.00;431346;FAC2024-0066
2024-10-27;VT;445700;TVA sur vente - CLIENT_010;0.00;81955.74;FAC2024-0066
2024-11-10;VT;411000;Facture N°FAC2024-0067 - CLIENT_016;587742.19;0.00;FAC2024-0067
2024-11-10;VT;700000;Vente marchandises - CLIENT_016;0.00;493901;FAC2024-0067
2024-11-10;VT;445700;TVA sur vente - CLIENT_016;0.00;93841.19;FAC2024-0067
2024-03-01;VT;411000;Facture N°FAC2024-0068 - CLIENT_001;465616.06;0.00;FAC2024-0068
2024-03-01;VT;700000;Vente marchandises - CLIENT_001;0.00;391274;FAC2024-0068
2024-03-01;VT;445700;TVA sur vente - CLIENT_001;0.00;74342.06;FAC2024-0068
2024-07-19;VT;411000;Facture N°FAC2024-0069 - CLIENT_013;476424.83;0.00;FAC2024-0069
2024-07-19;VT;700000;Vente marchandises - CLIENT_013;0.00;400357;FAC2024-0069
2024-07-19;VT;445700;TVA sur vente - CLIENT_013;0.00;76067.83;FAC2024-0069
2024-03-24;VT;411000;Facture N°FAC2024-0070 - CLIENT_010;315786.73;0.00;FAC2024-0070
2024-03-24;VT;700000;Vente marchandises - CLIENT_010;0.00;265367;FAC2024-0070
2024-03-24;VT;445700;TVA sur vente - CLIENT_010;0.00;50419.73;FAC2024-0070
2024-04-27;VT;411000;Facture N°FAC2024-0071 - CLIENT_019;20501.32;0.00;FAC2024-0071
2024-04-27;VT;700000;Vente marchandises - CLIENT_019;0.00;17228;FAC2024-0071
2024-04-27;VT;445700;TVA sur vente - CLIENT_019;0.00;3273.32;FAC2024-0071
2024-07-31;VT;411000;Facture N°FAC2024-0072 - CLIENT_006;52971.66;0.00;FAC2024-0072
2024-07-31;VT;700000;Vente marchandises - CLIENT_006;0.00;44514;FAC2024-0072
2024-07-31;VT;445700;TVA sur vente - CLIENT_006;0.00;8457.66;FAC2024-0072
2024-09-01;VT;411000;Facture N°FAC2024-0073 - CLIENT_016;137655.63;0.00;FAC2024-0073
2024-09-01;VT;700000;Vente marchandises - CLIENT_016;0.00;115677;FAC2024-0073
2024-09-01;VT;445700;TVA sur vente - CLIENT_016;0.00;21978.63;FAC2024-0073
2024-09-28;VT;411000;Facture N°FAC2024-0074 - CLIENT_005;371366.87;0.00;FAC2024-0074
2024-09-28;VT;700000;Vente marchandises - CLIENT_005;0.00;312073;FAC2024-0074
2024-09-28;VT;445700;TVA sur vente - CLIENT_005;0.00;59293.87;FAC2024-0074
2024-10-19;VT;411000;Facture N°FAC2024-0075 - CLIENT_018;400830.08;0.00;FAC2024-0075
2024-10-19;VT;700000;Vente marchandises - CLIENT_018;0.00;336832;FAC2024-0075
2024-10-19;VT;445700;TVA sur vente - CLIENT_018;0.00;63998.08;FAC2024-0075
2024-04-19;VT;411000;Facture N°FAC2024-0076 - CLIENT_010;557788.70;0.00;FAC2024-0076
2024-04-19;VT;700000;Vente marchandises - CLIENT_010;0.00;468730;FAC2024-0076
2024-04-19;VT;445700;TVA sur vente - CLIENT_010;0.00;89058.70;FAC2024-0076
2024-06-06;VT;411000;Facture N°FAC2024-0077 - CLIENT_014;491383.13;0.00;FAC2024-0077
2024-06-06;VT;700000;Vente marchandises - CLIENT_014;0.00;412927;FAC2024-0077
2024-06-06;VT;445700;TVA sur vente - CLIENT_014;0.00;78456.13;FAC2024-0077
2024-08-13;VT;411000;Facture N°FAC2024-0078 - CLIENT_006;105197.19;0.00;FAC2024-0078
2024-08-13;VT;700000;Vente marchandises - CLIENT_006;0.00;88401;FAC2024-0078
2024-08-13;VT;445700;TVA sur vente - CLIENT_006;0.00;16796.19;FAC2024-0078
2024-06-24;VT;411000;Facture N°FAC2024-0079 - CLIENT_020;398997.48;0.00;FAC2024-0079
2024-06-24;VT;700000;Vente marchandises - CLIENT_020;0.00;335292;FAC2024-0079
2024-06-24;VT;445700;TVA sur vente - CLIENT_020;0.00;63705.48;FAC2024-0079
2024-06-26;VT;411000;Facture N°FAC2024-0080 - CLIENT_016;441998.13;0.00;FAC2024-0080
2024-06-26;VT;700000;Vente marchandises - CLIENT_016;0.00;371427;FAC2024-0080
2024-06-26;VT;445700;TVA sur vente - CLIENT_016;0.00;70571.13;FAC2024-0080
2024-06-26;VT;411000;Facture N°FAC2024-0081 - CLIENT_003;443731.96;0.00;FAC2024-0081
2024-06-26;VT;700000;Vente marchandises - CLIENT_003;0.00;372884;FAC2024-0081
2024-06-26;VT;445700;TVA sur vente - CLIENT_003;0.00;70847.96;FAC2024-0081
2024-01-09;VT;411000;Facture N°FAC2024-0082 - CLIENT_009;394540.93;0.00;FAC2024-0082
2024-01-09;VT;700000;Vente marchandises - CLIENT_009;0.00;331547;FAC2024-0082
2024-01-09;VT;445700;TVA sur vente - CLIENT_009;0.00;62993.93;FAC2024-0082
2024-02-15;VT;411000;Facture N°FAC2024-0083 - CLIENT_004;337637.31;0.00;FAC2024-0083
2024-02-15;VT;700000;Vente marchandises - CLIENT_004;0.00;309759;FAC2024-0083
2024-02-15;VT;445700;TVA sur vente - CLIENT_004;0.00;27878.31;FAC2024-0083
2024-06-21;VT;411000;Facture N°FAC2024-0084 - CLIENT_002;409477.81;0.00;FAC2024-0084
2024-06-21;VT;700000;Vente marchandises - CLIENT_002;0.00;344099;FAC2024-0084
2024-06-21;VT;445700;TVA sur vente - CLIENT_002;0.00;65378.81;FAC2024-0084
2024-06-11;VT;411000;Facture N°FAC2024-0085 - CLIENT_007;581403.06;0.00;FAC2024-0085
2024-06-11;VT;700000;Vente marchandises - CLIENT_007;0.00;488574;FAC2024-0085
2024-06-11;VT;445700;TVA sur vente - CLIENT_007;0.00;92829.06;FAC2024-0085
2024-06-14;VT;411000;Facture N°FAC2024-0086 - CLIENT_017;564055.24;0.00;FAC2024-0086
2024-06-14;VT;700000;Vente marchandises - CLIENT_017;0.00;473996;FAC2024-0086
2024-06-14;VT;445700;TVA sur vente - CLIENT_017;0.00;90059.24;FAC2024-0086
2024-08-25;VT;411000;Facture N°FAC2024-0087 - CLIENT_016;18692.41;0.00;FAC2024-0087
2024-08-25;VT;700000;Vente marchandises - CLIENT_016;0.00;17149;FAC2024-0087
2024-08-25;VT;445700;TVA sur vente - CLIENT_016;0.00;1543.41;FAC2024-0087
2024-09-01;VT;411000;Facture N°FAC2024-0088 - CLIENT_017;242427.99;0.00;FAC2024-0088
2024-09-01;VT;700000;Vente marchandises - CLIENT_017;0.00;203721;FAC2024-0088
2024-09-01;VT;445700;TVA sur vente - CLIENT_017;0.00;38706.99;FAC2024-0088
2024-11-18;VT;411000;Facture N°FAC2024-0089 - CLIENT_001;68711.79;0.00;FAC2024-0089
2024-11-18;VT;700000;Vente marchandises - CLIENT_001;0.00;57741;FAC2024-0089
2024-11-18;VT;445700;TVA sur vente - CLIENT_001;0.00;10970.79;FAC2024-0089
2024-05-25;VT;411000;Facture N°FAC2024-0090 - CLIENT_006;242587.45;0.00;FAC2024-0090
2024-05-25;VT;700000;Vente marchandises - CLIENT_006;0.00;203855;FAC2024-0090
2024-05-25;VT;445700;TVA sur vente - CLIENT_006;0.00;38732.45;FAC2024-0090
2024-05-08;VT;411000;Facture N°FAC2024-0091 - CLIENT_006;156651.53;0.00;FAC2024-0091
2024-05-08;VT;700000;Vente marchandises - CLIENT_006;0.00;143717;FAC2024-0091
2024-05-08;VT;445700;TVA sur vente - CLIENT_006;0.00;12934.53;FAC2024-0091
2024-09-25;VT;411000;Facture N°FAC2024-0092 - CLIENT_005;140994.77;0.00;FAC2024-0092
2024-09-25;VT;700000;Vente marchandises - CLIENT_005;0.00;118483;FAC2024-0092
2024-09-25;VT;445700;TVA sur vente - CLIENT_005;0.00;22511.77;FAC2024-0092
2024-10-26;VT;411000;Facture N°FAC2024-0093 - CLIENT_003;301235.67;0.00;FAC2024-0093
2024-10-26;VT;700000;Vente marchandises - CLIENT_003;0.00;276363;FAC2024-0093
2024-10-26;VT;445700;TVA sur vente - CLIENT_003;0.00;24872.67;FAC2024-0093
2024-07-09;VT;411000;Facture N°FAC2024-0094 - CLIENT_004;463103.94;0.00;FAC2024-0094
2024-07-09;VT;700000;Vente marchandises - CLIENT_004;0.00;424866;FAC2024-0094
2024-07-09;VT;445700;TVA sur vente - CLIENT_004;0.00;38237.94;FAC2024-0094
2024-09-03;VT;411000;Facture N°FAC2024-0095 - CLIENT_013;282022.24;0.00;FAC2024-0095
2024-09-03;VT;700000;Vente marchandises - CLIENT_013;0.00;258736;FAC2024-0095
2024-09-03;VT;445700;TVA sur vente - CLIENT_013;0.00;23286.24;FAC2024-0095
2024-08-22;VT;411000;Facture N°FAC2024-0096 - CLIENT_020;388256.54;0.00;FAC2024-0096
2024-08-22;VT;700000;Vente marchandises - CLIENT_020;0.00;326266;FAC2024-0096
2024-08-22;VT;445700;TVA sur vente - CLIENT_020;0.00;61990.54;FAC2024-0096
2024-06-02;VT;411000;Facture N°FAC2024-0097 - CLIENT_015;459021.08;0.00;FAC2024-0097
2024-06-02;VT;700000;Vente marchandises - CLIENT_015;0.00;385732;FAC2024-0097
2024-06-02;VT;445700;TVA sur vente - CLIENT_015;0.00;73289.08;FAC2024-0097
2024-09-27;VT;411000;Facture N°FAC2024-0098 - CLIENT_005;79010.05;0.00;FAC2024-0098
2024-09-27;VT;700000;Vente marchandises - CLIENT_005;0.00;66395;FAC2024-0098
2024-09-27;VT;445700;TVA sur vente - CLIENT_005;0.00;12615.05;FAC2024-0098
2024-06-08;VT;411000;Facture N°FAC2024-0099 - CLIENT_010;486620.75;0.00;FAC2024-0099
2024-06-08;VT;700000;Vente marchandises - CLIENT_010;0.00;408925;FAC2024-0099
2024-06-08;VT;445700;TVA sur vente - CLIENT_010;0.00;77695.75;FAC2024-0099
2024-03-12;VT;411000;Facture N°FAC2024-0100 - CLIENT_005;388575.46;0.00;FAC2024-0100
2024-03-12;VT;700000;Vente marchandises - CLIENT_005;0.00;326534;FAC2024-0100
2024-03-12;VT;445700;TVA sur vente - CLIENT_005;0.00;62041.46;FAC2024-0100
2024-01-31;VT;411000;Facture N°FAC2024-0101 - CLIENT_008;182204.40;0.00;FAC2024-0101
2024-01-31;VT;700000;Vente marchandises - CLIENT_008;0.00;167160;FAC2024-0101
2024-01-31;VT;445700;TVA sur vente - CLIENT_008;0.00;15044.40;FAC2024-0101
2024-01-05;VT;411000;Facture N°FAC2024-0102 - CLIENT_020;153579.02;0.00;FAC2024-0102
2024-01-05;VT;700000;Vente marchandises - CLIENT_020;0.00;129058;FAC2024-0102
2024-01-05;VT;445700;TVA sur vente - CLIENT_020;0.00;24521.02;FAC2024-0102
2024-01-28;VT;411000;Facture N°FAC2024-0103 - CLIENT_005;229078.57;0.00;FAC2024-0103
2024-01-28;VT;700000;Vente marchandises - CLIENT_005;0.00;192503;FAC2024-0103
2024-01-28;VT;445700;TVA sur vente - CLIENT_005;0.00;36575.57;FAC2024-0103
2024-04-18;VT;411000;Facture N°FAC2024-0104 - CLIENT_003;502571.75;0.00;FAC2024-0104
2024-04-18;VT;700000;Vente marchandises - CLIENT_003;0.00;461075;FAC2024-0104
2024-04-18;VT;445700;TVA sur vente - CLIENT_003;0.00;41496.75;FAC2024-0104
2024-01-30;VT;411000;Facture N°FAC2024-0105 - CLIENT_005;512292.62;0.00;FAC2024-0105
2024-01-30;VT;700000;Vente marchandises - CLIENT_005;0.00;430498;FAC2024-0105
2024-01-30;VT;445700;TVA sur vente - CLIENT_005;0.00;81794.62;FAC2024-0105
2024-11-09;VT;411000;Facture N°FAC2024-0106 - CLIENT_013;306433.33;0.00;FAC2024-0106
2024-11-09;VT;700000;Vente marchandises - CLIENT_013;0.00;257507;FAC2024-0106
2024-11-09;VT;445700;TVA sur vente - CLIENT_013;0.00;48926.33;FAC2024-0106
2024-05-05;VT;411000;Facture N°FAC2024-0107 - CLIENT_011;364113.82;0.00;FAC2024-0107
2024-05-05;VT;700000;Vente marchandises - CLIENT_011;0.00;305978;FAC2024-0107
2024-05-05;VT;445700;TVA sur vente - CLIENT_011;0.00;58135.82;FAC2024-0107
2024-01-22;VT;411000;Facture N°FAC2024-0108 - CLIENT_003;574341.60;0.00;FAC2024-0108
2024-01-22;VT;700000;Vente marchandises - CLIENT_003;0.00;482640;FAC2024-0108
2024-01-22;VT;445700;TVA sur vente - CLIENT_003;0.00;91701.60;FAC2024-0108
2024-08-15;VT;411000;Facture N°FAC2024-0109 - CLIENT_012;158234.30;0.00;FAC2024-0109
2024-08-15;VT;700000;Vente marchandises - CLIENT_012;0.00;132970;FAC2024-0109
2024-08-15;VT;445700;TVA sur vente - CLIENT_012;0.00;25264.30;FAC2024-0109
2024-12-27;VT;411000;Facture N°FAC2024-0110 - CLIENT_010;460158.76;0.00;FAC2024-0110
2024-12-27;VT;700000;Vente marchandises - CLIENT_010;0.00;422164;FAC2024-0110
2024-12-27;VT;445700;TVA sur vente - CLIENT_010;0.00;37994.76;FAC2024-0110
2024-02-22;VT;411000;Facture N°FAC2024-0111 - CLIENT_001;163648.80;0.00;FAC2024-0111
2024-02-22;VT;700000;Vente marchandises - CLIENT_001;0.00;137520;FAC2024-0111
2024-02-22;VT;445700;TVA sur vente - CLIENT_001;0.00;26128.80;FAC2024-0111
2024-09-04;VT;411000;Facture N°FAC2024-0112 - CLIENT_010;477882.16;0.00;FAC2024-0112
2024-09-04;VT;700000;Vente marchandises - CLIENT_010;0.00;438424;FAC2024-0112
2024-09-04;VT;445700;TVA sur vente - CLIENT_010;0.00;39458.16;FAC2024-0112
2024-11-09;VT;411000;Facture N°FAC2024-0113 - CLIENT_001;304756.37;0.00;FAC2024-0113
2024-11-09;VT;700000;Vente marchandises - CLIENT_001;0.00;279593;FAC2024-0113
2024-11-09;VT;445700;TVA sur vente - CLIENT_001;0.00;25163.37;FAC2024-0113
2024-12-21;VT;411000;Facture N°FAC2024-0114 - CLIENT_003;430999.08;0.00;FAC2024-0114
2024-12-21;VT;700000;Vente marchandises - CLIENT_003;0.00;395412;FAC2024-0114
2024-12-21;VT;445700;TVA sur vente - CLIENT_003;0.00;35587.08;FAC2024-0114
2024-11-25;VT;411000;Facture N°FAC2024-0115 - CLIENT_009;144900.35;0.00;FAC2024-0115
2024-11-25;VT;700000;Vente marchandises - CLIENT_009;0.00;121765;FAC2024-0115
2024-11-25;VT;445700;TVA sur vente - CLIENT_009;0.00;23135.35;FAC2024-0115
2024-04-28;VT;411000;Facture N°FAC2024-0116 - CLIENT_013;140803.18;0.00;FAC2024-0116
2024-04-28;VT;700000;Vente marchandises - CLIENT_013;0.00;118322;FAC2024-0116
2024-04-28;VT;445700;TVA sur vente - CLIENT_013;0.00;22481.18;FAC2024-0116
2024-02-14;VT;411000;Facture N°FAC2024-0117 - CLIENT_010;364480.34;0.00;FAC2024-0117
2024-02-14;VT;700000;Vente marchandises - CLIENT_010;0.00;306286;FAC2024-0117
2024-02-14;VT;445700;TVA sur vente - CLIENT_010;0.00;58194.34;FAC2024-0117
2024-03-09;VT;411000;Facture N°FAC2024-0118 - CLIENT_007;363007.12;0.00;FAC2024-0118
2024-03-09;VT;700000;Vente marchandises - CLIENT_007;0.00;305048;FAC2024-0118
2024-03-09;VT;445700;TVA sur vente - CLIENT_007;0.00;57959.12;FAC2024-0118
2024-04-15;VT;411000;Facture N°FAC2024-0119 - CLIENT_009;426437.69;0.00;FAC2024-0119
2024-04-15;VT;700000;Vente marchandises - CLIENT_009;0.00;358351;FAC2024-0119
2024-04-15;VT;445700;TVA sur vente - CLIENT_009;0.00;68086.69;FAC2024-0119
2024-03-02;VT;411000;Facture N°FAC2024-0120 - CLIENT_011;495320.84;0.00;FAC2024-0120
2024-03-02;VT;700000;Vente marchandises - CLIENT_011;0.00;416236;FAC2024-0120
2024-03-02;VT;445700;TVA sur vente - CLIENT_011;0.00;79084.84;FAC2024-0120
2024-02-10;VT;411000;Facture N°FAC2024-0121 - CLIENT_016;42591.29;0.00;FAC2024-0121
2024-02-10;VT;700000;Vente marchandises - CLIENT_016;0.00;35791;FAC2024-0121
2024-02-10;VT;445700;TVA sur vente - CLIENT_016;0.00;6800.29;FAC2024-0121
2024-10-01;VT;411000;Facture N°FAC2024-0122 - CLIENT_004;61949.02;0.00;FAC2024-0122
2024-10-01;VT;700000;Vente marchandises - CLIENT_004;0.00;52058;FAC2024-0122
2024-10-01;VT;445700;TVA sur vente - CLIENT_004;0.00;9891.02;FAC2024-0122
2024-08-11;VT;411000;Facture N°FAC2024-0123 - CLIENT_009;543431.49;0.00;FAC2024-0123
2024-08-11;VT;700000;Vente marchandises - CLIENT_009;0.00;498561;FAC2024-0123
2024-08-11;VT;445700;TVA sur vente - CLIENT_009;0.00;44870.49;FAC2024-0123
2024-11-21;VT;411000;Facture N°FAC2024-0124 - CLIENT_014;503280.25;0.00;FAC2024-0124
2024-11-21;VT;700000;Vente marchandises - CLIENT_014;0.00;461725;FAC2024-0124
2024-11-21;VT;445700;TVA sur vente - CLIENT_014;0.00;41555.25;FAC2024-0124
2024-08-24;VT;411000;Facture N°FAC2024-0125 - CLIENT_006;508340.63;0.00;FAC2024-0125
2024-08-24;VT;700000;Vente marchandises - CLIENT_006;0.00;427177;FAC2024-0125
2024-08-24;VT;445700;TVA sur vente - CLIENT_006;0.00;81163.63;FAC2024-0125
2024-03-15;VT;411000;Facture N°FAC2024-0126 - CLIENT_016;433338.50;0.00;FAC2024-0126
2024-03-15;VT;700000;Vente marchandises - CLIENT_016;0.00;364150;FAC2024-0126
2024-03-15;VT;445700;TVA sur vente - CLIENT_016;0.00;69188.50;FAC2024-0126
2024-01-01;VT;411000;Facture N°FAC2024-0127 - CLIENT_003;74245.29;0.00;FAC2024-0127
2024-01-01;VT;700000;Vente marchandises - CLIENT_003;0.00;62391;FAC2024-0127
2024-01-01;VT;445700;TVA sur vente - CLIENT_003;0.00;11854.29;FAC2024-0127
2024-10-22;VT;411000;Facture N°FAC2024-0128 - CLIENT_006;150119.69;0.00;FAC2024-0128
2024-10-22;VT;700000;Vente marchandises - CLIENT_006;0.00;126151;FAC2024-0128
2024-10-22;VT;445700;TVA sur vente - CLIENT_006;0.00;23968.69;FAC2024-0128
2024-04-14;VT;411000;Facture N°FAC2024-0129 - CLIENT_008;37293.41;0.00;FAC2024-0129
2024-04-14;VT;700000;Vente marchandises - CLIENT_008;0.00;31339;FAC2024-0129
2024-04-14;VT;445700;TVA sur vente - CLIENT_008;0.00;5954.41;FAC2024-0129
2024-01-04;VT;411000;Facture N°FAC2024-0130 - CLIENT_020;192972.78;0.00;FAC2024-0130
2024-01-04;VT;700000;Vente marchandises - CLIENT_020;0.00;162162;FAC2024-0130
2024-01-04;VT;445700;TVA sur vente - CLIENT_020;0.00;30810.78;FAC2024-0130
2024-04-10;VT;411000;Facture N°FAC2024-0131 - CLIENT_012;363183.24;0.00;FAC2024-0131
2024-04-10;VT;700000;Vente marchandises - CLIENT_012;0.00;305196;FAC2024-0131
2024-04-10;VT;445700;TVA sur vente - CLIENT_012;0.00;57987.24;FAC2024-0131
2024-12-25;VT;411000;Facture N°FAC2024-0132 - CLIENT_017;263788.72;0.00;FAC2024-0132
2024-12-25;VT;700000;Vente marchandises - CLIENT_017;0.00;242008;FAC2024-0132
2024-12-25;VT;445700;TVA sur vente - CLIENT_017;0.00;21780.72;FAC2024-0132
2024-08-01;VT;411000;Facture N°FAC2024-0133 - CLIENT_005;563262.70;0.00;FAC2024-0133
2024-08-01;VT;700000;Vente marchandises - CLIENT_005;0.00;473330;FAC2024-0133
2024-08-01;VT;445700;TVA sur vente - CLIENT_005;0.00;89932.70;FAC2024-0133
2024-07-05;VT;411000;Facture N°FAC2024-0134 - CLIENT_004;481844.09;0.00;FAC2024-0134
2024-07-05;VT;700000;Vente marchandises - CLIENT_004;0.00;404911;FAC2024-0134
2024-07-05;VT;445700;TVA sur vente - CLIENT_004;0.00;76933.09;FAC2024-0134
2024-05-28;VT;411000;Facture N°FAC2024-0135 - CLIENT_001;551855.36;0.00;FAC2024-0135
2024-05-28;VT;700000;Vente marchandises - CLIENT_001;0.00;463744;FAC2024-0135
2024-05-28;VT;445700;TVA sur vente - CLIENT_001;0.00;88111.36;FAC2024-0135
2024-09-04;VT;411000;Facture N°FAC2024-0136 - CLIENT_013;365237.18;0.00;FAC2024-0136
2024-09-04;VT;700000;Vente marchandises - CLIENT_013;0.00;306922;FAC2024-0136
2024-09-04;VT;445700;TVA sur vente - CLIENT_013;0.00;58315.18;FAC2024-0136
2024-10-23;VT;411000;Facture N°FAC2024-0137 - CLIENT_002;533886.36;0.00;FAC2024-0137
2024-10-23;VT;700000;Vente marchandises - CLIENT_002;0.00;448644;FAC2024-0137
2024-10-23;VT;445700;TVA sur vente - CLIENT_002;0.00;85242.36;FAC2024-0137
2024-01-13;VT;411000;Facture N°FAC2024-0138 - CLIENT_003;210567.29;0.00;FAC2024-0138
2024-01-13;VT;700000;Vente marchandises - CLIENT_003;0.00;193181;FAC2024-0138
2024-01-13;VT;445700;TVA sur vente - CLIENT_003;0.00;17386.29;FAC2024-0138
2024-10-12;VT;411000;Facture N°FAC2024-0139 - CLIENT_003;29326.36;0.00;FAC2024-0139
2024-10-12;VT;700000;Vente marchandises - CLIENT_003;0.00;24644;FAC2024-0139
2024-10-12;VT;445700;TVA sur vente - CLIENT_003;0.00;4682.36;FAC2024-0139
2024-10-13;VT;411000;Facture N°FAC2024-0140 - CLIENT_008;166763.03;0.00;FAC2024-0140
2024-10-13;VT;700000;Vente marchandises - CLIENT_008;0.00;140137;FAC2024-0140
2024-10-13;VT;445700;TVA sur vente - CLIENT_008;0.00;26626.03;FAC2024-0140
2024-02-06;VT;411000;Facture N°FAC2024-0141 - CLIENT_015;360195.95;0.00;FAC2024-0141
2024-02-06;VT;700000;Vente marchandises - CLIENT_015;0.00;330455;FAC2024-0141
2024-02-06;VT;445700;TVA sur vente - CLIENT_015;0.00;29740.95;FAC2024-0141
2024-12-06;VT;411000;Facture N°FAC2024-0142 - CLIENT_008;66744.72;0.00;FAC2024-0142
2024-12-06;VT;700000;Vente marchandises - CLIENT_008;0.00;56088;FAC2024-0142
2024-12-06;VT;445700;TVA sur vente - CLIENT_008;0.00;10656.72;FAC2024-0142
2024-01-30;VT;411000;Facture N°FAC2024-0143 - CLIENT_005;25273.22;0.00;FAC2024-0143
2024-01-30;VT;700000;Vente marchandises - CLIENT_005;0.00;21238;FAC2024-0143
2024-01-30;VT;445700;TVA sur vente - CLIENT_005;0.00;4035.22;FAC2024-0143
2024-10-01;VT;411000;Facture N°FAC2024-0144 - CLIENT_014;243309.80;0.00;FAC2024-0144
2024-10-01;VT;700000;Vente marchandises - CLIENT_014;0.00;223220;FAC2024-0144
2024-10-01;VT;445700;TVA sur vente - CLIENT_014;0.00;20089.80;FAC2024-0144
2024-03-22;VT;411000;Facture N°FAC2024-0145 - CLIENT_004;224885.01;0.00;FAC2024-0145
2024-03-22;VT;700000;Vente marchandises - CLIENT_004;0.00;188979;FAC2024-0145
2024-03-22;VT;445700;TVA sur vente - CLIENT_004;0.00;35906.01;FAC2024-0145
2024-08-07;VT;411000;Facture N°FAC2024-0146 - CLIENT_012;324409.47;0.00;FAC2024-0146
2024-08-07;VT;700000;Vente marchandises - CLIENT_012;0.00;272613;FAC2024-0146
2024-08-07;VT;445700;TVA sur vente - CLIENT_012;0.00;51796.47;FAC2024-0146
2024-12-03;VT;411000;Facture N°FAC2024-0147 - CLIENT_002;379826.85;0.00;FAC2024-0147
2024-12-03;VT;700000;Vente marchandises - CLIENT_002;0.00;348465;FAC2024-0147
2024-12-03;VT;445700;TVA sur vente - CLIENT_002;0.00;31361.85;FAC2024-0147
2024-05-10;VT;411000;Facture N°FAC2024-0148 - CLIENT_005;156354.10;0.00;FAC2024-0148
2024-05-10;VT;700000;Vente marchandises - CLIENT_005;0.00;131390;FAC2024-0148
2024-05-10;VT;445700;TVA sur vente - CLIENT_005;0.00;24964.10;FAC2024-0148
2024-06-14;VT;411000;Facture N°FAC2024-0149 - CLIENT_018;568695.05;0.00;FAC2024-0149
2024-06-14;VT;700000;Vente marchandises - CLIENT_018;0.00;477895;FAC2024-0149
2024-06-14;VT;445700;TVA sur vente - CLIENT_018;0.00;90800.05;FAC2024-0149
2024-12-26;VT;411000;Facture N°FAC2024-0150 - CLIENT_014;410458.37;0.00;FAC2024-0150
2024-12-26;VT;700000;Vente marchandises - CLIENT_014;0.00;344923;FAC2024-0150
2024-12-26;VT;445700;TVA sur vente - CLIENT_014;0.00;65535.37;FAC2024-0150
2024-09-14;VT;411000;Facture N°FAC2024-0151 - CLIENT_009;22431.50;0.00;FAC2024-0151
2024-09-14;VT;700000;Vente marchandises - CLIENT_009;0.00;18850;FAC2024-0151
2024-09-14;VT;445700;TVA sur vente - CLIENT_009;0.00;3581.50;FAC2024-0151
2024-12-27;VT;411000;Facture N°FAC2024-0152 - CLIENT_009;565291.65;0.00;FAC2024-0152
2024-12-27;VT;700000;Vente marchandises - CLIENT_009;0.00;475035;FAC2024-0152
2024-12-27;VT;445700;TVA sur vente - CLIENT_009;0.00;90256.65;FAC2024-0152
2024-10-09;VT;411000;Facture N°FAC2024-0153 - CLIENT_001;44400.06;0.00;FAC2024-0153
2024-10-09;VT;700000;Vente marchandises - CLIENT_001;0.00;40734;FAC2024-0153
2024-10-09;VT;445700;TVA sur vente - CLIENT_001;0.00;3666.06;FAC2024-0153
2024-05-17;VT;411000;Facture N°FAC2024-0154 - CLIENT_010;211843.68;0.00;FAC2024-0154
2024-05-17;VT;700000;Vente marchandises - CLIENT_010;0.00;194352;FAC2024-0154
2024-05-17;VT;445700;TVA sur vente - CLIENT_010;0.00;17491.68;FAC2024-0154
2024-01-20;VT;411000;Facture N°FAC2024-0155 - CLIENT_002;454491.94;0.00;FAC2024-0155
2024-01-20;VT;700000;Vente marchandises - CLIENT_002;0.00;381926;FAC2024-0155
2024-01-20;VT;445700;TVA sur vente - CLIENT_002;0.00;72565.94;FAC2024-0155
2024-05-06;VT;411000;Facture N°FAC2024-0156 - CLIENT_011;189130.26;0.00;FAC2024-0156
2024-05-06;VT;700000;Vente marchandises - CLIENT_011;0.00;173514;FAC2024-0156
2024-05-06;VT;445700;TVA sur vente - CLIENT_011;0.00;15616.26;FAC2024-0156
2024-08-03;VT;411000;Facture N°FAC2024-0157 - CLIENT_018;450804.13;0.00;FAC2024-0157
2024-08-03;VT;700000;Vente marchandises - CLIENT_018;0.00;378827;FAC2024-0157
2024-08-03;VT;445700;TVA sur vente - CLIENT_018;0.00;71977.13;FAC2024-0157
2024-02-15;VT;411000;Facture N°FAC2024-0158 - CLIENT_013;11477.55;0.00;FAC2024-0158
2024-02-15;VT;700000;Vente marchandises - CLIENT_013;0.00;9645;FAC2024-0158
2024-02-15;VT;445700;TVA sur vente - CLIENT_013;0.00;1832.55;FAC2024-0158
2024-10-18;VT;411000;Facture N°FAC2024-0159 - CLIENT_006;520834.70;0.00;FAC2024-0159
2024-10-18;VT;700000;Vente marchandises - CLIENT_006;0.00;477830;FAC2024-0159
2024-10-18;VT;445700;TVA sur vente - CLIENT_006;0.00;43004.70;FAC2024-0159
2024-03-22;VT;411000;Facture N°FAC2024-0160 - CLIENT_002;422977.17;0.00;FAC2024-0160
2024-03-22;VT;700000;Vente marchandises - CLIENT_002;0.00;355443;FAC2024-0160
2024-03-22;VT;445700;TVA sur vente - CLIENT_002;0.00;67534.17;FAC2024-0160
2024-08-18;VT;411000;Facture N°FAC2024-0161 - CLIENT_006;291015.69;0.00;FAC2024-0161
2024-08-18;VT;700000;Vente marchandises - CLIENT_006;0.00;244551;FAC2024-0161
2024-08-18;VT;445700;TVA sur vente - CLIENT_006;0.00;46464.69;FAC2024-0161
2024-06-28;VT;411000;Facture N°FAC2024-0162 - CLIENT_017;353722.74;0.00;FAC2024-0162
2024-06-28;VT;700000;Vente marchandises - CLIENT_017;0.00;297246;FAC2024-0162
2024-06-28;VT;445700;TVA sur vente - CLIENT_017;0.00;56476.74;FAC2024-0162
2024-12-27;VT;411000;Facture N°FAC2024-0163 - CLIENT_020;261369.22;0.00;FAC2024-0163
2024-12-27;VT;700000;Vente marchandises - CLIENT_020;0.00;219638;FAC2024-0163
2024-12-27;VT;445700;TVA sur vente - CLIENT_020;0.00;41731.22;FAC2024-0163
2024-05-06;VT;411000;Facture N°FAC2024-0164 - CLIENT_006;136097.40;0.00;FAC2024-0164
2024-05-06;VT;700000;Vente marchandises - CLIENT_006;0.00;124860;FAC2024-0164
2024-05-06;VT;445700;TVA sur vente - CLIENT_006;0.00;11237.40;FAC2024-0164
2024-11-23;VT;411000;Facture N°FAC2024-0165 - CLIENT_017;91693.07;0.00;FAC2024-0165
2024-11-23;VT;700000;Vente marchandises - CLIENT_017;0.00;77053;FAC2024-0165
2024-11-23;VT;445700;TVA sur vente - CLIENT_017;0.00;14640.07;FAC2024-0165
2024-07-01;VT;411000;Facture N°FAC2024-0166 - CLIENT_013;412300.49;0.00;FAC2024-0166
2024-07-01;VT;700000;Vente marchandises - CLIENT_013;0.00;346471;FAC2024-0166
2024-07-01;VT;445700;TVA sur vente - CLIENT_013;0.00;65829.49;FAC2024-0166
2024-02-02;VT;411000;Facture N°FAC2024-0167 - CLIENT_001;89422.55;0.00;FAC2024-0167
2024-02-02;VT;700000;Vente marchandises - CLIENT_001;0.00;75145;FAC2024-0167
2024-02-02;VT;445700;TVA sur vente - CLIENT_001;0.00;14277.55;FAC2024-0167
2024-01-08;VT;411000;Facture N°FAC2024-0168 - CLIENT_006;221732.70;0.00;FAC2024-0168
2024-01-08;VT;700000;Vente marchandises - CLIENT_006;0.00;186330;FAC2024-0168
2024-01-08;VT;445700;TVA sur vente - CLIENT_006;0.00;35402.70;FAC2024-0168
2024-12-06;VT;411000;Facture N°FAC2024-0169 - CLIENT_001;232556.95;0.00;FAC2024-0169
2024-12-06;VT;700000;Vente marchandises - CLIENT_001;0.00;213355;FAC2024-0169
2024-12-06;VT;445700;TVA sur vente - CLIENT_001;0.00;19201.95;FAC2024-0169
2024-12-26;VT;411000;Facture N°FAC2024-0170 - CLIENT_006;254988.44;0.00;FAC2024-0170
2024-12-26;VT;700000;Vente marchandises - CLIENT_006;0.00;214276;FAC2024-0170
2024-12-26;VT;445700;TVA sur vente - CLIENT_006;0.00;40712.44;FAC2024-0170
2024-02-28;VT;411000;Facture N°FAC2024-0171 - CLIENT_020;166264.24;0.00;FAC2024-0171
2024-02-28;VT;700000;Vente marchandises - CLIENT_020;0.00;152536;FAC2024-0171
2024-02-28;VT;445700;TVA sur vente - CLIENT_020;0.00;13728.24;FAC2024-0171
2024-09-19;VT;411000;Facture N°FAC2024-0172 - CLIENT_002;43479.03;0.00;FAC2024-0172
2024-09-19;VT;700000;Vente marchandises - CLIENT_002;0.00;36537;FAC2024-0172
2024-09-19;VT;445700;TVA sur vente - CLIENT_002;0.00;6942.03;FAC2024-0172
2024-09-10;VT;411000;Facture N°FAC2024-0173 - CLIENT_012;141010.24;0.00;FAC2024-0173
2024-09-10;VT;700000;Vente marchandises - CLIENT_012;0.00;118496;FAC2024-0173
2024-09-10;VT;445700;TVA sur vente - CLIENT_012;0.00;22514.24;FAC2024-0173
2024-08-03;VT;411000;Facture N°FAC2024-0174 - CLIENT_003;376173.17;0.00;FAC2024-0174
2024-08-03;VT;700000;Vente marchandises - CLIENT_003;0.00;345113;FAC2024-0174
2024-08-03;VT;445700;TVA sur vente - CLIENT_003;0.00;31060.17;FAC2024-0174
2024-12-11;VT;411000;Facture N°FAC2024-0175 - CLIENT_017;436331.35;0.00;FAC2024-0175
2024-12-11;VT;700000;Vente marchandises - CLIENT_017;0.00;366665;FAC2024-0175
2024-12-11;VT;445700;TVA sur vente - CLIENT_017;0.00;69666.35;FAC2024-0175
2024-06-25;VT;411000;Facture N°FAC2024-0176 - CLIENT_002;232193.98;0.00;FAC2024-0176
2024-06-25;VT;700000;Vente marchandises - CLIENT_002;0.00;213022;FAC2024-0176
2024-06-25;VT;445700;TVA sur vente - CLIENT_002;0.00;19171.98;FAC2024-0176
2024-07-28;VT;411000;Facture N°FAC2024-0177 - CLIENT_004;471223.34;0.00;FAC2024-0177
2024-07-28;VT;700000;Vente marchandises - CLIENT_004;0.00;395986;FAC2024-0177
2024-07-28;VT;445700;TVA sur vente - CLIENT_004;0.00;75237.34;FAC2024-0177
2024-07-03;VT;411000;Facture N°FAC2024-0178 - CLIENT_007;200982.67;0.00;FAC2024-0178
2024-07-03;VT;700000;Vente marchandises - CLIENT_007;0.00;168893;FAC2024-0178
2024-07-03;VT;445700;TVA sur vente - CLIENT_007;0.00;32089.67;FAC2024-0178
2024-06-20;VT;411000;Facture N°FAC2024-0179 - CLIENT_001;147029.26;0.00;FAC2024-0179
2024-06-20;VT;700000;Vente marchandises - CLIENT_001;0.00;123554;FAC2024-0179
2024-06-20;VT;445700;TVA sur vente - CLIENT_001;0.00;23475.26;FAC2024-0179
2024-05-18;VT;411000;Facture N°FAC2024-0180 - CLIENT_018;26897.57;0.00;FAC2024-0180
2024-05-18;VT;700000;Vente marchandises - CLIENT_018;0.00;22603;FAC2024-0180
2024-05-18;VT;445700;TVA sur vente - CLIENT_018;0.00;4294.57;FAC2024-0180
2024-05-24;VT;411000;Facture N°FAC2024-0181 - CLIENT_016;55401.43;0.00;FAC2024-0181
2024-05-24;VT;700000;Vente marchandises - CLIENT_016;0.00;50827;FAC2024-0181
2024-05-24;VT;445700;TVA sur vente - CLIENT_016;0.00;4574.43;FAC2024-0181
2024-04-04;VT;411000;Facture N°FAC2024-0182 - CLIENT_001;514518.15;0.00;FAC2024-0182
2024-04-04;VT;700000;Vente marchandises - CLIENT_001;0.00;472035;FAC2024-0182
2024-04-04;VT;445700;TVA sur vente - CLIENT_001;0.00;42483.15;FAC2024-0182
2024-06-19;VT;411000;Facture N°FAC2024-0183 - CLIENT_018;476533.12;0.00;FAC2024-0183
2024-06-19;VT;700000;Vente marchandises - CLIENT_018;0.00;400448;FAC2024-0183
2024-06-19;VT;445700;TVA sur vente - CLIENT_018;0.00;76085.12;FAC2024-0183
2024-01-07;VT;411000;Facture N°FAC2024-0184 - CLIENT_005;1500.59;0.00;FAC2024-0184
2024-01-07;VT;700000;Vente marchandises - CLIENT_005;0.00;1261;FAC2024-0184
2024-01-07;VT;445700;TVA sur vente - CLIENT_005;0.00;239.59;FAC2024-0184
2024-02-06;VT;411000;Facture N°FAC2024-0185 - CLIENT_002;52948.93;0.00;FAC2024-0185
2024-02-06;VT;700000;Vente marchandises - CLIENT_002;0.00;48577;FAC2024-0185
2024-02-06;VT;445700;TVA sur vente - CLIENT_002;0.00;4371.93;FAC2024-0185
2024-12-22;VT;411000;Facture N°FAC2024-0186 - CLIENT_003;144204.20;0.00;FAC2024-0186
2024-12-22;VT;700000;Vente marchandises - CLIENT_003;0.00;121180;FAC2024-0186
2024-12-22;VT;445700;TVA sur vente - CLIENT_003;0.00;23024.20;FAC2024-0186
2024-05-06;VT;411000;Facture N°FAC2024-0187 - CLIENT_020;323161.02;0.00;FAC2024-0187
2024-05-06;VT;700000;Vente marchandises - CLIENT_020;0.00;296478;FAC2024-0187
2024-05-06;VT;445700;TVA sur vente - CLIENT_020;0.00;26683.02;FAC2024-0187
2024-02-24;VT;411000;Facture N°FAC2024-0188 - CLIENT_003;257560.03;0.00;FAC2024-0188
2024-02-24;VT;700000;Vente marchandises - CLIENT_003;0.00;216437;FAC2024-0188
2024-02-24;VT;445700;TVA sur vente - CLIENT_003;0.00;41123.03;FAC2024-0188
2024-06-07;VT;411000;Facture N°FAC2024-0189 - CLIENT_020;534173.15;0.00;FAC2024-0189
2024-06-07;VT;700000;Vente marchandises - CLIENT_020;0.00;448885;FAC2024-0189
2024-06-07;VT;445700;TVA sur vente - CLIENT_020;0.00;85288.15;FAC2024-0189
2024-05-13;VT;411000;Facture N°FAC2024-0190 - CLIENT_005;278285.07;0.00;FAC2024-0190
2024-05-13;VT;700000;Vente marchandises - CLIENT_005;0.00;233853;FAC2024-0190
2024-05-13;VT;445700;TVA sur vente - CLIENT_005;0.00;44432.07;FAC2024-0190
2024-11-03;VT;411000;Facture N°FAC2024-0191 - CLIENT_004;81991.98;0.00;FAC2024-0191
2024-11-03;VT;700000;Vente marchandises - CLIENT_004;0.00;75222;FAC2024-0191
2024-11-03;VT;445700;TVA sur vente - CLIENT_004;0.00;6769.98;FAC2024-0191
2024-08-25;VT;411000;Facture N°FAC2024-0192 - CLIENT_002;9165.38;0.00;FAC2024-0192
2024-08-25;VT;700000;Vente marchandises - CLIENT_002;0.00;7702;FAC2024-0192
2024-08-25;VT;445700;TVA sur vente - CLIENT_002;0.00;1463.38;FAC2024-0192
2024-02-16;VT;411000;Facture N°FAC2024-0193 - CLIENT_009;405824.51;0.00;FAC2024-0193
2024-02-16;VT;700000;Vente marchandises - CLIENT_009;0.00;341029;FAC2024-0193
2024-02-16;VT;445700;TVA sur vente - CLIENT_009;0.00;64795.51;FAC2024-0193
2024-06-09;VT;411000;Facture N°FAC2024-0194 - CLIENT_009;483224.49;0.00;FAC2024-0194
2024-06-09;VT;700000;Vente marchandises - CLIENT_009;0.00;406071;FAC2024-0194
2024-06-09;VT;445700;TVA sur vente - CLIENT_009;0.00;77153.49;FAC2024-0194
2024-03-12;VT;411000;Facture N°FAC2024-0195 - CLIENT_006;193923.59;0.00;FAC2024-0195
2024-03-12;VT;700000;Vente marchandises - CLIENT_006;0.00;162961;FAC2024-0195
2024-03-12;VT;445700;TVA sur vente - CLIENT_006;0.00;30962.59;FAC2024-0195
2024-04-25;VT;411000;Facture N°FAC2024-0196 - CLIENT_004;129203.06;0.00;FAC2024-0196
2024-04-25;VT;700000;Vente marchandises - CLIENT_004;0.00;108574;FAC2024-0196
2024-04-25;VT;445700;TVA sur vente - CLIENT_004;0.00;20629.06;FAC2024-0196
2024-06-30;VT;411000;Facture N°FAC2024-0197 - CLIENT_007;26242.84;0.00;FAC2024-0197
2024-06-30;VT;700000;Vente marchandises - CLIENT_007;0.00;24076;FAC2024-0197
2024-06-30;VT;445700;TVA sur vente - CLIENT_007;0.00;2166.84;FAC2024-0197
2024-11-13;VT;411000;Facture N°FAC2024-0198 - CLIENT_017;136585.82;0.00;FAC2024-0198
2024-11-13;VT;700000;Vente marchandises - CLIENT_017;0.00;114778;FAC2024-0198
2024-11-13;VT;445700;TVA sur vente - CLIENT_017;0.00;21807.82;FAC2024-0198
2024-01-10;VT;411000;Facture N°FAC2024-0199 - CLIENT_010;315208.39;0.00;FAC2024-0199
2024-01-10;VT;700000;Vente marchandises - CLIENT_010;0.00;264881;FAC2024-0199
2024-01-10;VT;445700;TVA sur vente - CLIENT_010;0.00;50327.39;FAC2024-0199
2024-01-10;VT;411000;Facture N°FAC2024-0200 - CLIENT_019;128347.45;0.00;FAC2024-0200
2024-01-10;VT;700000;Vente marchandises - CLIENT_019;0.00;107855;FAC2024-0200
2024-01-10;VT;445700;TVA sur vente - CLIENT_019;0.00;20492.45;FAC2024-0200
2024-12-20;VT;411000;Facture N°FAC2024-0201 - CLIENT_017;294435.16;0.00;FAC2024-0201
2024-12-20;VT;700000;Vente marchandises - CLIENT_017;0.00;270124;FAC2024-0201
2024-12-20;VT;445700;TVA sur vente - CLIENT_017;0.00;24311.16;FAC2024-0201
2024-06-05;VT;411000;Facture N°FAC2024-0202 - CLIENT_011;430710.98;0.00;FAC2024-0202
2024-06-05;VT;700000;Vente marchandises - CLIENT_011;0.00;361942;FAC2024-0202
2024-06-05;VT;445700;TVA sur vente - CLIENT_011;0.00;68768.98;FAC2024-0202
2024-01-23;VT;411000;Facture N°FAC2024-0203 - CLIENT_007;284229.12;0.00;FAC2024-0203
2024-01-23;VT;700000;Vente marchandises - CLIENT_007;0.00;238848;FAC2024-0203
2024-01-23;VT;445700;TVA sur vente - CLIENT_007;0.00;45381.12;FAC2024-0203
2024-06-17;VT;411000;Facture N°FAC2024-0204 - CLIENT_012;72581.67;0.00;FAC2024-0204
2024-06-17;VT;700000;Vente marchandises - CLIENT_012;0.00;60993;FAC2024-0204
2024-06-17;VT;445700;TVA sur vente - CLIENT_012;0.00;11588.67;FAC2024-0204
2024-09-14;VT;411000;Facture N°FAC2024-0205 - CLIENT_016;460928.65;0.00;FAC2024-0205
2024-09-14;VT;700000;Vente marchandises - CLIENT_016;0.00;387335;FAC2024-0205
2024-09-14;VT;445700;TVA sur vente - CLIENT_016;0.00;73593.65;FAC2024-0205
2024-02-10;VT;411000;Facture N°FAC2024-0206 - CLIENT_011;36372.35;0.00;FAC2024-0206
2024-02-10;VT;700000;Vente marchandises - CLIENT_011;0.00;30565;FAC2024-0206
2024-02-10;VT;445700;TVA sur vente - CLIENT_011;0.00;5807.35;FAC2024-0206
2024-04-09;VT;411000;Facture N°FAC2024-0207 - CLIENT_014;521919.72;0.00;FAC2024-0207
2024-04-09;VT;700000;Vente marchandises - CLIENT_014;0.00;438588;FAC2024-0207
2024-04-09;VT;445700;TVA sur vente - CLIENT_014;0.00;83331.72;FAC2024-0207
2024-03-16;VT;411000;Facture N°FAC2024-0208 - CLIENT_011;476506.94;0.00;FAC2024-0208
2024-03-16;VT;700000;Vente marchandises - CLIENT_011;0.00;400426;FAC2024-0208
2024-03-16;VT;445700;TVA sur vente - CLIENT_011;0.00;76080.94;FAC2024-0208
2024-03-01;VT;411000;Facture N°FAC2024-0209 - CLIENT_016;399824.53;0.00;FAC2024-0209
2024-03-01;VT;700000;Vente marchandises - CLIENT_016;0.00;335987;FAC2024-0209
2024-03-01;VT;445700;TVA sur vente - CLIENT_016;0.00;63837.53;FAC2024-0209
2024-12-09;VT;411000;Facture N°FAC2024-0210 - CLIENT_009;6221.32;0.00;FAC2024-0210
2024-12-09;VT;700000;Vente marchandises - CLIENT_009;0.00;5228;FAC2024-0210
2024-12-09;VT;445700;TVA sur vente - CLIENT_009;0.00;993.32;FAC2024-0210
2024-05-14;VT;411000;Facture N°FAC2024-0211 - CLIENT_011;582587.11;0.00;FAC2024-0211
2024-05-14;VT;700000;Vente marchandises - CLIENT_011;0.00;489569;FAC2024-0211
2024-05-14;VT;445700;TVA sur vente - CLIENT_011;0.00;93018.11;FAC2024-0211
2024-06-09;VT;411000;Facture N°FAC2024-0212 - CLIENT_014;408024.82;0.00;FAC2024-0212
2024-06-09;VT;700000;Vente marchandises - CLIENT_014;0.00;342878;FAC2024-0212
2024-06-09;VT;445700;TVA sur vente - CLIENT_014;0.00;65146.82;FAC2024-0212
2024-11-15;VT;411000;Facture N°FAC2024-0213 - CLIENT_005;514794.00;0.00;FAC2024-0213
2024-11-15;VT;700000;Vente marchandises - CLIENT_005;0.00;432600;FAC2024-0213
2024-11-15;VT;445700;TVA sur vente - CLIENT_005;0.00;82194.00;FAC2024-0213
2024-10-07;VT;411000;Facture N°FAC2024-0214 - CLIENT_018;430584.88;0.00;FAC2024-0214
2024-10-07;VT;700000;Vente marchandises - CLIENT_018;0.00;395032;FAC2024-0214
2024-10-07;VT;445700;TVA sur vente - CLIENT_018;0.00;35552.88;FAC2024-0214
2024-09-07;VT;411000;Facture N°FAC2024-0215 - CLIENT_011;37133.95;0.00;FAC2024-0215
2024-09-07;VT;700000;Vente marchandises - CLIENT_011;0.00;31205;FAC2024-0215
2024-09-07;VT;445700;TVA sur vente - CLIENT_011;0.00;5928.95;FAC2024-0215
2024-12-04;VT;411000;Facture N°FAC2024-0216 - CLIENT_007;528110.45;0.00;FAC2024-0216
2024-12-04;VT;700000;Vente marchandises - CLIENT_007;0.00;484505;FAC2024-0216
2024-12-04;VT;445700;TVA sur vente - CLIENT_007;0.00;43605.45;FAC2024-0216
2024-12-23;VT;411000;Facture N°FAC2024-0217 - CLIENT_001;388574.27;0.00;FAC2024-0217
2024-12-23;VT;700000;Vente marchandises - CLIENT_001;0.00;326533;FAC2024-0217
2024-12-23;VT;445700;TVA sur vente - CLIENT_001;0.00;62041.27;FAC2024-0217
2024-11-18;VT;411000;Facture N°FAC2024-0218 - CLIENT_017;260300.60;0.00;FAC2024-0218
2024-11-18;VT;700000;Vente marchandises - CLIENT_017;0.00;218740;FAC2024-0218
2024-11-18;VT;445700;TVA sur vente - CLIENT_017;0.00;41560.60;FAC2024-0218
2024-11-05;VT;411000;Facture N°FAC2024-0219 - CLIENT_008;17233.58;0.00;FAC2024-0219
2024-11-05;VT;700000;Vente marchandises - CLIENT_008;0.00;14482;FAC2024-0219
2024-11-05;VT;445700;TVA sur vente - CLIENT_008;0.00;2751.58;FAC2024-0219
2024-01-04;VT;411000;Facture N°FAC2024-0220 - CLIENT_012;591750.11;0.00;FAC2024-0220
2024-01-04;VT;700000;Vente marchandises - CLIENT_012;0.00;497269;FAC2024-0220
2024-01-04;VT;445700;TVA sur vente - CLIENT_012;0.00;94481.11;FAC2024-0220
2024-08-10;VT;411000;Facture N°FAC2024-0221 - CLIENT_011;506628.22;0.00;FAC2024-0221
2024-08-10;VT;700000;Vente marchandises - CLIENT_011;0.00;425738;FAC2024-0221
2024-08-10;VT;445700;TVA sur vente - CLIENT_011;0.00;80890.22;FAC2024-0221
2024-04-23;VT;411000;Facture N°FAC2024-0222 - CLIENT_018;315070.35;0.00;FAC2024-0222
2024-04-23;VT;700000;Vente marchandises - CLIENT_018;0.00;264765;FAC2024-0222
2024-04-23;VT;445700;TVA sur vente - CLIENT_018;0.00;50305.35;FAC2024-0222
2024-10-23;VT;411000;Facture N°FAC2024-0223 - CLIENT_014;49409.99;0.00;FAC2024-0223
2024-10-23;VT;700000;Vente marchandises - CLIENT_014;0.00;41521;FAC2024-0223
2024-10-23;VT;445700;TVA sur vente - CLIENT_014;0.00;7888.99;FAC2024-0223
2024-09-10;VT;411000;Facture N°FAC2024-0224 - CLIENT_002;505883.28;0.00;FAC2024-0224
2024-09-10;VT;700000;Vente marchandises - CLIENT_002;0.00;425112;FAC2024-0224
2024-09-10;VT;445700;TVA sur vente - CLIENT_002;0.00;80771.28;FAC2024-0224
2024-04-02;VT;411000;Facture N°FAC2024-0225 - CLIENT_001;532048.62;0.00;FAC2024-0225
2024-04-02;VT;700000;Vente marchandises - CLIENT_001;0.00;488118;FAC2024-0225
2024-04-02;VT;445700;TVA sur vente - CLIENT_001;0.00;43930.62;FAC2024-0225
2024-05-30;VT;411000;Facture N°FAC2024-0226 - CLIENT_005;581084.14;0.00;FAC2024-0226
2024-05-30;VT;700000;Vente marchandises - CLIENT_005;0.00;488306;FAC2024-0226
2024-05-30;VT;445700;TVA sur vente - CLIENT_005;0.00;92778.14;FAC2024-0226
2024-01-13;VT;411000;Facture N°FAC2024-0227 - CLIENT_007;239865.92;0.00;FAC2024-0227
2024-01-13;VT;700000;Vente marchandises - CLIENT_007;0.00;201568;FAC2024-0227
2024-01-13;VT;445700;TVA sur vente - CLIENT_007;0.00;38297.92;FAC2024-0227
2024-02-21;VT;411000;Facture N°FAC2024-0228 - CLIENT_008;346495.74;0.00;FAC2024-0228
2024-02-21;VT;700000;Vente marchandises - CLIENT_008;0.00;317886;FAC2024-0228
2024-02-21;VT;445700;TVA sur vente - CLIENT_008;0.00;28609.74;FAC2024-0228
2024-04-25;VT;411000;Facture N°FAC2024-0229 - CLIENT_014;2909.55;0.00;FAC2024-0229
2024-04-25;VT;700000;Vente marchandises - CLIENT_014;0.00;2445;FAC2024-0229
2024-04-25;VT;445700;TVA sur vente - CLIENT_014;0.00;464.55;FAC2024-0229
2024-10-07;VT;411000;Facture N°FAC2024-0230 - CLIENT_008;198130.24;0.00;FAC2024-0230
2024-10-07;VT;700000;Vente marchandises - CLIENT_008;0.00;166496;FAC2024-0230
2024-10-07;VT;445700;TVA sur vente - CLIENT_008;0.00;31634.24;FAC2024-0230
2024-11-05;VT;411000;Facture N°FAC2024-0231 - CLIENT_020;482545.00;0.00;FAC2024-0231
2024-11-05;VT;700000;Vente marchandises - CLIENT_020;0.00;405500;FAC2024-0231
2024-11-05;VT;445700;TVA sur vente - CLIENT_020;0.00;77045.00;FAC2024-0231
2024-11-10;VT;411000;Facture N°FAC2024-0232 - CLIENT_007;13725.46;0.00;FAC2024-0232
2024-11-10;VT;700000;Vente marchandises - CLIENT_007;0.00;11534;FAC2024-0232
2024-11-10;VT;445700;TVA sur vente - CLIENT_007;0.00;2191.46;FAC2024-0232
2024-05-05;VT;411000;Facture N°FAC2024-0233 - CLIENT_007;420754.25;0.00;FAC2024-0233
2024-05-05;VT;700000;Vente marchandises - CLIENT_007;0.00;353575;FAC2024-0233
2024-05-05;VT;445700;TVA sur vente - CLIENT_007;0.00;67179.25;FAC2024-0233
2024-09-26;VT;411000;Facture N°FAC2024-0234 - CLIENT_005;379011.43;0.00;FAC2024-0234
2024-09-26;VT;700000;Vente marchandises - CLIENT_005;0.00;318497;FAC2024-0234
2024-09-26;VT;445700;TVA sur vente - CLIENT_005;0.00;60514.43;FAC2024-0234
2024-05-29;VT;411000;Facture N°FAC2024-0235 - CLIENT_020;64731.83;0.00;FAC2024-0235
2024-05-29;VT;700000;Vente marchandises - CLIENT_020;0.00;59387;FAC2024-0235
2024-05-29;VT;445700;TVA sur vente - CLIENT_020;0.00;5344.83;FAC2024-0235
2024-07-17;VT;411000;Facture N°FAC2024-0236 - CLIENT_009;181283.41;0.00;FAC2024-0236
2024-07-17;VT;700000;Vente marchandises - CLIENT_009;0.00;152339;FAC2024-0236
2024-07-17;VT;445700;TVA sur vente - CLIENT_009;0.00;28944.41;FAC2024-0236
2024-07-30;VT;411000;Facture N°FAC2024-0237 - CLIENT_008;39107.02;0.00;FAC2024-0237
2024-07-30;VT;700000;Vente marchandises - CLIENT_008;0.00;35878;FAC2024-0237
2024-07-30;VT;445700;TVA sur vente - CLIENT_008;0.00;3229.02;FAC2024-0237
2024-09-29;VT;411000;Facture N°FAC2024-0238 - CLIENT_003;249851.21;0.00;FAC2024-0238
2024-09-29;VT;700000;Vente marchandises - CLIENT_003;0.00;209959;FAC2024-0238
2024-09-29;VT;445700;TVA sur vente - CLIENT_003;0.00;39892.21;FAC2024-0238
2024-01-19;VT;411000;Facture N°FAC2024-0239 - CLIENT_010;551093.76;0.00;FAC2024-0239
2024-01-19;VT;700000;Vente marchandises - CLIENT_010;0.00;463104;FAC2024-0239
2024-01-19;VT;445700;TVA sur vente - CLIENT_010;0.00;87989.76;FAC2024-0239
2024-06-23;VT;411000;Facture N°FAC2024-0240 - CLIENT_008;495225.64;0.00;FAC2024-0240
2024-06-23;VT;700000;Vente marchandises - CLIENT_008;0.00;416156;FAC2024-0240
2024-06-23;VT;445700;TVA sur vente - CLIENT_008;0.00;79069.64;FAC2024-0240
2024-12-06;VT;411000;Facture N°FAC2024-0241 - CLIENT_003;251674.29;0.00;FAC2024-0241
2024-12-06;VT;700000;Vente marchandises - CLIENT_003;0.00;211491;FAC2024-0241
2024-12-06;VT;445700;TVA sur vente - CLIENT_003;0.00;40183.29;FAC2024-0241
2024-06-22;VT;411000;Facture N°FAC2024-0242 - CLIENT_004;12326.81;0.00;FAC2024-0242
2024-06-22;VT;700000;Vente marchandises - CLIENT_004;0.00;11309;FAC2024-0242
2024-06-22;VT;445700;TVA sur vente - CLIENT_004;0.00;1017.81;FAC2024-0242
2024-02-25;VT;411000;Facture N°FAC2024-0243 - CLIENT_014;195044.57;0.00;FAC2024-0243
2024-02-25;VT;700000;Vente marchandises - CLIENT_014;0.00;163903;FAC2024-0243
2024-02-25;VT;445700;TVA sur vente - CLIENT_014;0.00;31141.57;FAC2024-0243
2024-09-23;VT;411000;Facture N°FAC2024-0244 - CLIENT_017;461900.88;0.00;FAC2024-0244
2024-09-23;VT;700000;Vente marchandises - CLIENT_017;0.00;388152;FAC2024-0244
2024-09-23;VT;445700;TVA sur vente - CLIENT_017;0.00;73748.88;FAC2024-0244
2024-04-13;VT;411000;Facture N°FAC2024-0245 - CLIENT_007;58838.36;0.00;FAC2024-0245
2024-04-13;VT;700000;Vente marchandises - CLIENT_007;0.00;49444;FAC2024-0245
2024-04-13;VT;445700;TVA sur vente - CLIENT_007;0.00;9394.36;FAC2024-0245
2024-11-03;VT;411000;Facture N°FAC2024-0246 - CLIENT_013;150073.28;0.00;FAC2024-0246
2024-11-03;VT;700000;Vente marchandises - CLIENT_013;0.00;126112;FAC2024-0246
2024-11-03;VT;445700;TVA sur vente - CLIENT_013;0.00;23961.28;FAC2024-0246
2024-09-04;VT;411000;Facture N°FAC2024-0247 - CLIENT_020;378616.35;0.00;FAC2024-0247
2024-09-04;VT;700000;Vente marchandises - CLIENT_020;0.00;318165;FAC2024-0247
2024-09-04;VT;445700;TVA sur vente - CLIENT_020;0.00;60451.35;FAC2024-0247
2024-05-08;VT;411000;Facture N°FAC2024-0248 - CLIENT_011;117273.31;0.00;FAC2024-0248
2024-05-08;VT;700000;Vente marchandises - CLIENT_011;0.00;98549;FAC2024-0248
2024-05-08;VT;445700;TVA sur vente - CLIENT_011;0.00;18724.31;FAC2024-0248
2024-08-21;VT;411000;Facture N°FAC2024-0249 - CLIENT_020;68321.47;0.00;FAC2024-0249
2024-08-21;VT;700000;Vente marchandises - CLIENT_020;0.00;57413;FAC2024-0249
2024-08-21;VT;445700;TVA sur vente - CLIENT_020;0.00;10908.47;FAC2024-0249
2024-06-07;VT;411000;Facture N°FAC2024-0250 - CLIENT_011;396697.87;0.00;FAC2024-0250
2024-06-07;VT;700000;Vente marchandises - CLIENT_011;0.00;363943;FAC2024-0250
2024-06-07;VT;445700;TVA sur vente - CLIENT_011;0.00;32754.87;FAC2024-0250
2024-07-20;VT;411000;Facture N°FAC2024-0251 - CLIENT_005;49628.95;0.00;FAC2024-0251
2024-07-20;VT;700000;Vente marchandises - CLIENT_005;0.00;41705;FAC2024-0251
2024-07-20;VT;445700;TVA sur vente - CLIENT_005;0.00;7923.95;FAC2024-0251
2024-01-01;VT;411000;Facture N°FAC2024-0252 - CLIENT_016;454290.83;0.00;FAC2024-0252
2024-01-01;VT;700000;Vente marchandises - CLIENT_016;0.00;381757;FAC2024-0252
2024-01-01;VT;445700;TVA sur vente - CLIENT_016;0.00;72533.83;FAC2024-0252
2024-02-29;VT;411000;Facture N°FAC2024-0253 - CLIENT_011;537463.50;0.00;FAC2024-0253
2024-02-29;VT;700000;Vente marchandises - CLIENT_011;0.00;451650;FAC2024-0253
2024-02-29;VT;445700;TVA sur vente - CLIENT_011;0.00;85813.50;FAC2024-0253
2024-07-01;VT;411000;Facture N°FAC2024-0254 - CLIENT_012;118576.36;0.00;FAC2024-0254
2024-07-01;VT;700000;Vente marchandises - CLIENT_012;0.00;99644;FAC2024-0254
2024-07-01;VT;445700;TVA sur vente - CLIENT_012;0.00;18932.36;FAC2024-0254
2024-03-06;VT;411000;Facture N°FAC2024-0255 - CLIENT_001;522034.79;0.00;FAC2024-0255
2024-03-06;VT;700000;Vente marchandises - CLIENT_001;0.00;478931;FAC2024-0255
2024-03-06;VT;445700;TVA sur vente - CLIENT_001;0.00;43103.79;FAC2024-0255
2024-09-26;VT;411000;Facture N°FAC2024-0256 - CLIENT_008;535707.06;0.00;FAC2024-0256
2024-09-26;VT;700000;Vente marchandises - CLIENT_008;0.00;450174;FAC2024-0256
2024-09-26;VT;445700;TVA sur vente - CLIENT_008;0.00;85533.06;FAC2024-0256
2024-10-28;VT;411000;Facture N°FAC2024-0257 - CLIENT_014;67755.03;0.00;FAC2024-0257
2024-10-28;VT;700000;Vente marchandises - CLIENT_014;0.00;56937;FAC2024-0257
2024-10-28;VT;445700;TVA sur vente - CLIENT_014;0.00;10818.03;FAC2024-0257
2024-12-26;VT;411000;Facture N°FAC2024-0258 - CLIENT_011;425776.05;0.00;FAC2024-0258
2024-12-26;VT;700000;Vente marchandises - CLIENT_011;0.00;357795;FAC2024-0258
2024-12-26;VT;445700;TVA sur vente - CLIENT_011;0.00;67981.05;FAC2024-0258
2024-05-16;VT;411000;Facture N°FAC2024-0259 - CLIENT_012;350689.43;0.00;FAC2024-0259
2024-05-16;VT;700000;Vente marchandises - CLIENT_012;0.00;294697;FAC2024-0259
2024-05-16;VT;445700;TVA sur vente - CLIENT_012;0.00;55992.43;FAC2024-0259
2024-02-16;VT;411000;Facture N°FAC2024-0260 - CLIENT_011;85848.98;0.00;FAC2024-0260
2024-02-16;VT;700000;Vente marchandises - CLIENT_011;0.00;72142;FAC2024-0260
2024-02-16;VT;445700;TVA sur vente - CLIENT_011;0.00;13706.98;FAC2024-0260
2024-02-14;VT;411000;Facture N°FAC2024-0261 - CLIENT_011;465380.95;0.00;FAC2024-0261
2024-02-14;VT;700000;Vente marchandises - CLIENT_011;0.00;426955;FAC2024-0261
2024-02-14;VT;445700;TVA sur vente - CLIENT_011;0.00;38425.95;FAC2024-0261
2024-12-06;VT;411000;Facture N°FAC2024-0262 - CLIENT_003;82439.63;0.00;FAC2024-0262
2024-12-06;VT;700000;Vente marchandises - CLIENT_003;0.00;69277;FAC2024-0262
2024-12-06;VT;445700;TVA sur vente - CLIENT_003;0.00;13162.63;FAC2024-0262
2024-01-14;VT;411000;Facture N°FAC2024-0263 - CLIENT_015;7185.22;0.00;FAC2024-0263
2024-01-14;VT;700000;Vente marchandises - CLIENT_015;0.00;6038;FAC2024-0263
2024-01-14;VT;445700;TVA sur vente - CLIENT_015;0.00;1147.22;FAC2024-0263
2024-02-08;VT;411000;Facture N°FAC2024-0264 - CLIENT_011;554599.50;0.00;FAC2024-0264
2024-02-08;VT;700000;Vente marchandises - CLIENT_011;0.00;466050;FAC2024-0264
2024-02-08;VT;445700;TVA sur vente - CLIENT_011;0.00;88549.50;FAC2024-0264
2024-03-12;VT;411000;Facture N°FAC2024-0265 - CLIENT_006;185128.30;0.00;FAC2024-0265
2024-03-12;VT;700000;Vente marchandises - CLIENT_006;0.00;155570;FAC2024-0265
2024-03-12;VT;445700;TVA sur vente - CLIENT_006;0.00;29558.30;FAC2024-0265
2024-11-25;VT;411000;Facture N°FAC2024-0266 - CLIENT_003;207736.56;0.00;FAC2024-0266
2024-11-25;VT;700000;Vente marchandises - CLIENT_003;0.00;190584;FAC2024-0266
2024-11-25;VT;445700;TVA sur vente - CLIENT_003;0.00;17152.56;FAC2024-0266
2024-07-27;VT;411000;Facture N°FAC2024-0267 - CLIENT_007;114989.70;0.00;FAC2024-0267
2024-07-27;VT;700000;Vente marchandises - CLIENT_007;0.00;96630;FAC2024-0267
2024-07-27;VT;445700;TVA sur vente - CLIENT_007;0.00;18359.70;FAC2024-0267
2024-06-28;VT;411000;Facture N°FAC2024-0268 - CLIENT_018;34568.31;0.00;FAC2024-0268
2024-06-28;VT;700000;Vente marchandises - CLIENT_018;0.00;29049;FAC2024-0268
2024-06-28;VT;445700;TVA sur vente - CLIENT_018;0.00;5519.31;FAC2024-0268
2024-10-17;VT;411000;Facture N°FAC2024-0269 - CLIENT_009;208729.57;0.00;FAC2024-0269
2024-10-17;VT;700000;Vente marchandises - CLIENT_009;0.00;175403;FAC2024-0269
2024-10-17;VT;445700;TVA sur vente - CLIENT_009;0.00;33326.57;FAC2024-0269
2024-03-04;VT;411000;Facture N°FAC2024-0270 - CLIENT_014;85943.23;0.00;FAC2024-0270
2024-03-04;VT;700000;Vente marchandises - CLIENT_014;0.00;78847;FAC2024-0270
2024-03-04;VT;445700;TVA sur vente - CLIENT_014;0.00;7096.23;FAC2024-0270
2024-03-15;VT;411000;Facture N°FAC2024-0271 - CLIENT_019;149047.50;0.00;FAC2024-0271
2024-03-15;VT;700000;Vente marchandises - CLIENT_019;0.00;125250;FAC2024-0271
2024-03-15;VT;445700;TVA sur vente - CLIENT_019;0.00;23797.50;FAC2024-0271
2024-04-23;VT;411000;Facture N°FAC2024-0272 - CLIENT_005;238996.67;0.00;FAC2024-0272
2024-04-23;VT;700000;Vente marchandises - CLIENT_005;0.00;219263;FAC2024-0272
2024-04-23;VT;445700;TVA sur vente - CLIENT_005;0.00;19733.67;FAC2024-0272
2024-05-15;VT;411000;Facture N°FAC2024-0273 - CLIENT_018;490082.46;0.00;FAC2024-0273
2024-05-15;VT;700000;Vente marchandises - CLIENT_018;0.00;411834;FAC2024-0273
2024-05-15;VT;445700;TVA sur vente - CLIENT_018;0.00;78248.46;FAC2024-0273
2024-01-14;VT;411000;Facture N°FAC2024-0274 - CLIENT_006;310402.57;0.00;FAC2024-0274
2024-01-14;VT;700000;Vente marchandises - CLIENT_006;0.00;284773;FAC2024-0274
2024-01-14;VT;445700;TVA sur vente - CLIENT_006;0.00;25629.57;FAC2024-0274
2024-03-13;VT;411000;Facture N°FAC2024-0275 - CLIENT_015;39285.47;0.00;FAC2024-0275
2024-03-13;VT;700000;Vente marchandises - CLIENT_015;0.00;33013;FAC2024-0275
2024-03-13;VT;445700;TVA sur vente - CLIENT_015;0.00;6272.47;FAC2024-0275
2024-09-05;VT;411000;Facture N°FAC2024-0276 - CLIENT_005;252639.11;0.00;FAC2024-0276
2024-09-05;VT;700000;Vente marchandises - CLIENT_005;0.00;231779;FAC2024-0276
2024-09-05;VT;445700;TVA sur vente - CLIENT_005;0.00;20860.11;FAC2024-0276
2024-10-27;VT;411000;Facture N°FAC2024-0277 - CLIENT_019;52023.52;0.00;FAC2024-0277
2024-10-27;VT;700000;Vente marchandises - CLIENT_019;0.00;47728;FAC2024-0277
2024-10-27;VT;445700;TVA sur vente - CLIENT_019;0.00;4295.52;FAC2024-0277
2024-04-25;VT;411000;Facture N°FAC2024-0278 - CLIENT_009;512709.12;0.00;FAC2024-0278
2024-04-25;VT;700000;Vente marchandises - CLIENT_009;0.00;430848;FAC2024-0278
2024-04-25;VT;445700;TVA sur vente - CLIENT_009;0.00;81861.12;FAC2024-0278
2024-07-20;VT;411000;Facture N°FAC2024-0279 - CLIENT_009;512895.95;0.00;FAC2024-0279
2024-07-20;VT;700000;Vente marchandises - CLIENT_009;0.00;431005;FAC2024-0279
2024-07-20;VT;445700;TVA sur vente - CLIENT_009;0.00;81890.95;FAC2024-0279
2024-10-26;VT;411000;Facture N°FAC2024-0280 - CLIENT_020;276099.18;0.00;FAC2024-0280
2024-10-26;VT;700000;Vente marchandises - CLIENT_020;0.00;253302;FAC2024-0280
2024-10-26;VT;445700;TVA sur vente - CLIENT_020;0.00;22797.18;FAC2024-0280
2024-06-20;VT;411000;Facture N°FAC2024-0281 - CLIENT_002;142387.07;0.00;FAC2024-0281
2024-06-20;VT;700000;Vente marchandises - CLIENT_002;0.00;119653;FAC2024-0281
2024-06-20;VT;445700;TVA sur vente - CLIENT_002;0.00;22734.07;FAC2024-0281
2024-08-26;VT;411000;Facture N°FAC2024-0282 - CLIENT_016;2238.39;0.00;FAC2024-0282
2024-08-26;VT;700000;Vente marchandises - CLIENT_016;0.00;1881;FAC2024-0282
2024-08-26;VT;445700;TVA sur vente - CLIENT_016;0.00;357.39;FAC2024-0282
2024-03-27;VT;411000;Facture N°FAC2024-0283 - CLIENT_005;141575.49;0.00;FAC2024-0283
2024-03-27;VT;700000;Vente marchandises - CLIENT_005;0.00;118971;FAC2024-0283
2024-03-27;VT;445700;TVA sur vente - CLIENT_005;0.00;22604.49;FAC2024-0283
2024-03-14;VT;411000;Facture N°FAC2024-0284 - CLIENT_007;198351.58;0.00;FAC2024-0284
2024-03-14;VT;700000;Vente marchandises - CLIENT_007;0.00;166682;FAC2024-0284
2024-03-14;VT;445700;TVA sur vente - CLIENT_007;0.00;31669.58;FAC2024-0284
2024-08-10;VT;411000;Facture N°FAC2024-0285 - CLIENT_020;542113.68;0.00;FAC2024-0285
2024-08-10;VT;700000;Vente marchandises - CLIENT_020;0.00;497352;FAC2024-0285
2024-08-10;VT;445700;TVA sur vente - CLIENT_020;0.00;44761.68;FAC2024-0285
2024-11-15;VT;411000;Facture N°FAC2024-0286 - CLIENT_019;282395.33;0.00;FAC2024-0286
2024-11-15;VT;700000;Vente marchandises - CLIENT_019;0.00;237307;FAC2024-0286
2024-11-15;VT;445700;TVA sur vente - CLIENT_019;0.00;45088.33;FAC2024-0286
2024-05-12;VT;411000;Facture N°FAC2024-0287 - CLIENT_003;221874.95;0.00;FAC2024-0287
2024-05-12;VT;700000;Vente marchandises - CLIENT_003;0.00;203555;FAC2024-0287
2024-05-12;VT;445700;TVA sur vente - CLIENT_003;0.00;18319.95;FAC2024-0287
2024-10-07;VT;411000;Facture N°FAC2024-0288 - CLIENT_016;364217.35;0.00;FAC2024-0288
2024-10-07;VT;700000;Vente marchandises - CLIENT_016;0.00;306065;FAC2024-0288
2024-10-07;VT;445700;TVA sur vente - CLIENT_016;0.00;58152.35;FAC2024-0288
2024-11-12;VT;411000;Facture N°FAC2024-0289 - CLIENT_009;495199.46;0.00;FAC2024-0289
2024-11-12;VT;700000;Vente marchandises - CLIENT_009;0.00;416134;FAC2024-0289
2024-11-12;VT;445700;TVA sur vente - CLIENT_009;0.00;79065.46;FAC2024-0289
2024-11-16;VT;411000;Facture N°FAC2024-0290 - CLIENT_017;3761.59;0.00;FAC2024-0290
2024-11-16;VT;700000;Vente marchandises - CLIENT_017;0.00;3451;FAC2024-0290
2024-11-16;VT;445700;TVA sur vente - CLIENT_017;0.00;310.59;FAC2024-0290
2024-05-10;VT;411000;Facture N°FAC2024-0291 - CLIENT_014;530949.90;0.00;FAC2024-0291
2024-05-10;VT;700000;Vente marchandises - CLIENT_014;0.00;487110;FAC2024-0291
2024-05-10;VT;445700;TVA sur vente - CLIENT_014;0.00;43839.90;FAC2024-0291
2024-01-29;VT;411000;Facture N°FAC2024-0292 - CLIENT_001;590676.73;0.00;FAC2024-0292
2024-01-29;VT;700000;Vente marchandises - CLIENT_001;0.00;496367;FAC2024-0292
2024-01-29;VT;445700;TVA sur vente - CLIENT_001;0.00;94309.73;FAC2024-0292
2024-02-20;VT;411000;Facture N°FAC2024-0293 - CLIENT_014;513445.73;0.00;FAC2024-0293
2024-02-20;VT;700000;Vente marchandises - CLIENT_014;0.00;431467;FAC2024-0293
2024-02-20;VT;445700;TVA sur vente - CLIENT_014;0.00;81978.73;FAC2024-0293
2024-12-10;VT;411000;Facture N°FAC2024-0294 - CLIENT_004;344382.43;0.00;FAC2024-0294
2024-12-10;VT;700000;Vente marchandises - CLIENT_004;0.00;289397;FAC2024-0294
2024-12-10;VT;445700;TVA sur vente - CLIENT_004;0.00;54985.43;FAC2024-0294
2024-09-29;VT;411000;Facture N°FAC2024-0295 - CLIENT_009;115512.11;0.00;FAC2024-0295
2024-09-29;VT;700000;Vente marchandises - CLIENT_009;0.00;97069;FAC2024-0295
2024-09-29;VT;445700;TVA sur vente - CLIENT_009;0.00;18443.11;FAC2024-0295
2024-09-01;VT;411000;Facture N°FAC2024-0296 - CLIENT_008;20532.26;0.00;FAC2024-0296
2024-09-01;VT;700000;Vente marchandises - CLIENT_008;0.00;17254;FAC2024-0296
2024-09-01;VT;445700;TVA sur vente - CLIENT_008;0.00;3278.26;FAC2024-0296
2024-08-23;VT;411000;Facture N°FAC2024-0297 - CLIENT_019;212595.88;0.00;FAC2024-0297
2024-08-23;VT;700000;Vente marchandises - CLIENT_019;0.00;178652;FAC2024-0297
2024-08-23;VT;445700;TVA sur vente - CLIENT_019;0.00;33943.88;FAC2024-0297
2024-11-26;VT;411000;Facture N°FAC2024-0298 - CLIENT_012;98503.30;0.00;FAC2024-0298
2024-11-26;VT;700000;Vente marchandises - CLIENT_012;0.00;90370;FAC2024-0298
2024-11-26;VT;445700;TVA sur vente - CLIENT_012;0.00;8133.30;FAC2024-0298
2024-08-07;VT;411000;Facture N°FAC2024-0299 - CLIENT_005;580938.96;0.00;FAC2024-0299
2024-08-07;VT;700000;Vente marchandises - CLIENT_005;0.00;488184;FAC2024-0299
2024-08-07;VT;445700;TVA sur vente - CLIENT_005;0.00;92754.96;FAC2024-0299
2024-01-21;VT;411000;Facture N°FAC2024-0300 - CLIENT_003;331585.17;0.00;FAC2024-0300
2024-01-21;VT;700000;Vente marchandises - CLIENT_003;0.00;278643;FAC2024-0300
2024-01-21;VT;445700;TVA sur vente - CLIENT_003;0.00;52942.17;FAC2024-0300
2024-06-07;VT;411000;Facture N°FAC2024-0301 - CLIENT_009;91890.61;0.00;FAC2024-0301
2024-06-07;VT;700000;Vente marchandises - CLIENT_009;0.00;77219;FAC2024-0301
2024-06-07;VT;445700;TVA sur vente - CLIENT_009;0.00;14671.61;FAC2024-0301
2024-04-25;VT;411000;Facture N°FAC2024-0302 - CLIENT_003;131661.60;0.00;FAC2024-0302
2024-04-25;VT;700000;Vente marchandises - CLIENT_003;0.00;110640;FAC2024-0302
2024-04-25;VT;445700;TVA sur vente - CLIENT_003;0.00;21021.60;FAC2024-0302
2024-07-06;VT;411000;Facture N°FAC2024-0303 - CLIENT_010;412035.12;0.00;FAC2024-0303
2024-07-06;VT;700000;Vente marchandises - CLIENT_010;0.00;346248;FAC2024-0303
2024-07-06;VT;445700;TVA sur vente - CLIENT_010;0.00;65787.12;FAC2024-0303
2024-02-16;VT;411000;Facture N°FAC2024-0304 - CLIENT_016;453241.62;0.00;FAC2024-0304
2024-02-16;VT;700000;Vente marchandises - CLIENT_016;0.00;415818;FAC2024-0304
2024-02-16;VT;445700;TVA sur vente - CLIENT_016;0.00;37423.62;FAC2024-0304
2024-07-07;VT;411000;Facture N°FAC2024-0305 - CLIENT_001;47251.33;0.00;FAC2024-0305
2024-07-07;VT;700000;Vente marchandises - CLIENT_001;0.00;39707;FAC2024-0305
2024-07-07;VT;445700;TVA sur vente - CLIENT_001;0.00;7544.33;FAC2024-0305
2024-09-01;VT;411000;Facture N°FAC2024-0306 - CLIENT_013;408949.45;0.00;FAC2024-0306
2024-09-01;VT;700000;Vente marchandises - CLIENT_013;0.00;343655;FAC2024-0306
2024-09-01;VT;445700;TVA sur vente - CLIENT_013;0.00;65294.45;FAC2024-0306
2024-03-24;VT;411000;Facture N°FAC2024-0307 - CLIENT_016;541558.87;0.00;FAC2024-0307
2024-03-24;VT;700000;Vente marchandises - CLIENT_016;0.00;496843;FAC2024-0307
2024-03-24;VT;445700;TVA sur vente - CLIENT_016;0.00;44715.87;FAC2024-0307
2024-08-07;VT;411000;Facture N°FAC2024-0308 - CLIENT_020;457520.49;0.00;FAC2024-0308
2024-08-07;VT;700000;Vente marchandises - CLIENT_020;0.00;384471;FAC2024-0308
2024-08-07;VT;445700;TVA sur vente - CLIENT_020;0.00;73049.49;FAC2024-0308
2024-01-15;VT;411000;Facture N°FAC2024-0309 - CLIENT_007;388281.53;0.00;FAC2024-0309
2024-01-15;VT;700000;Vente marchandises - CLIENT_007;0.00;326287;FAC2024-0309
2024-01-15;VT;445700;TVA sur vente - CLIENT_007;0.00;61994.53;FAC2024-0309
2024-11-27;VT;411000;Facture N°FAC2024-0310 - CLIENT_005;359980.95;0.00;FAC2024-0310
2024-11-27;VT;700000;Vente marchandises - CLIENT_005;0.00;302505;FAC2024-0310
2024-11-27;VT;445700;TVA sur vente - CLIENT_005;0.00;57475.95;FAC2024-0310
2024-01-02;VT;411000;Facture N°FAC2024-0311 - CLIENT_016;317799.31;0.00;FAC2024-0311
2024-01-02;VT;700000;Vente marchandises - CLIENT_016;0.00;291559;FAC2024-0311
2024-01-02;VT;445700;TVA sur vente - CLIENT_016;0.00;26240.31;FAC2024-0311
2024-03-22;VT;411000;Facture N°FAC2024-0312 - CLIENT_002;414507.94;0.00;FAC2024-0312
2024-03-22;VT;700000;Vente marchandises - CLIENT_002;0.00;348326;FAC2024-0312
2024-03-22;VT;445700;TVA sur vente - CLIENT_002;0.00;66181.94;FAC2024-0312
2024-06-18;VT;411000;Facture N°FAC2024-0313 - CLIENT_001;252854.77;0.00;FAC2024-0313
2024-06-18;VT;700000;Vente marchandises - CLIENT_001;0.00;212483;FAC2024-0313
2024-06-18;VT;445700;TVA sur vente - CLIENT_001;0.00;40371.77;FAC2024-0313
2024-12-02;VT;411000;Facture N°FAC2024-0314 - CLIENT_003;311023.16;0.00;FAC2024-0314
2024-12-02;VT;700000;Vente marchandises - CLIENT_003;0.00;261364;FAC2024-0314
2024-12-02;VT;445700;TVA sur vente - CLIENT_003;0.00;49659.16;FAC2024-0314
2024-09-17;VT;411000;Facture N°FAC2024-0315 - CLIENT_007;302664.66;0.00;FAC2024-0315
2024-09-17;VT;700000;Vente marchandises - CLIENT_007;0.00;277674;FAC2024-0315
2024-09-17;VT;445700;TVA sur vente - CLIENT_007;0.00;24990.66;FAC2024-0315
2024-06-05;VT;411000;Facture N°FAC2024-0316 - CLIENT_012;332737.09;0.00;FAC2024-0316
2024-06-05;VT;700000;Vente marchandises - CLIENT_012;0.00;279611;FAC2024-0316
2024-06-05;VT;445700;TVA sur vente - CLIENT_012;0.00;53126.09;FAC2024-0316
2024-03-21;VT;411000;Facture N°FAC2024-0317 - CLIENT_019;474067.44;0.00;FAC2024-0317
2024-03-21;VT;700000;Vente marchandises - CLIENT_019;0.00;398376;FAC2024-0317
2024-03-21;VT;445700;TVA sur vente - CLIENT_019;0.00;75691.44;FAC2024-0317
2024-11-05;VT;411000;Facture N°FAC2024-0318 - CLIENT_002;521127.18;0.00;FAC2024-0318
2024-11-05;VT;700000;Vente marchandises - CLIENT_002;0.00;437922;FAC2024-0318
2024-11-05;VT;445700;TVA sur vente - CLIENT_002;0.00;83205.18;FAC2024-0318
2024-01-06;VT;411000;Facture N°FAC2024-0319 - CLIENT_016;591246.74;0.00;FAC2024-0319
2024-01-06;VT;700000;Vente marchandises - CLIENT_016;0.00;496846;FAC2024-0319
2024-01-06;VT;445700;TVA sur vente - CLIENT_016;0.00;94400.74;FAC2024-0319
2024-10-14;VT;411000;Facture N°FAC2024-0320 - CLIENT_008;541776.06;0.00;FAC2024-0320
2024-10-14;VT;700000;Vente marchandises - CLIENT_008;0.00;455274;FAC2024-0320
2024-10-14;VT;445700;TVA sur vente - CLIENT_008;0.00;86502.06;FAC2024-0320
2024-01-21;VT;411000;Facture N°FAC2024-0321 - CLIENT_002;390603.68;0.00;FAC2024-0321
2024-01-21;VT;700000;Vente marchandises - CLIENT_002;0.00;358352;FAC2024-0321
2024-01-21;VT;445700;TVA sur vente - CLIENT_002;0.00;32251.68;FAC2024-0321
2024-03-10;VT;411000;Facture N°FAC2024-0322 - CLIENT_002;586253.50;0.00;FAC2024-0322
2024-03-10;VT;700000;Vente marchandises - CLIENT_002;0.00;492650;FAC2024-0322
2024-03-10;VT;445700;TVA sur vente - CLIENT_002;0.00;93603.50;FAC2024-0322
2024-08-17;VT;411000;Facture N°FAC2024-0323 - CLIENT_001;515888.28;0.00;FAC2024-0323
2024-08-17;VT;700000;Vente marchandises - CLIENT_001;0.00;473292;FAC2024-0323
2024-08-17;VT;445700;TVA sur vente - CLIENT_001;0.00;42596.28;FAC2024-0323
2024-12-22;VT;411000;Facture N°FAC2024-0324 - CLIENT_013;133275.24;0.00;FAC2024-0324
2024-12-22;VT;700000;Vente marchandises - CLIENT_013;0.00;111996;FAC2024-0324
2024-12-22;VT;445700;TVA sur vente - CLIENT_013;0.00;21279.24;FAC2024-0324
2024-02-04;VT;411000;Facture N°FAC2024-0325 - CLIENT_008;300605.90;0.00;FAC2024-0325
2024-02-04;VT;700000;Vente marchandises - CLIENT_008;0.00;252610;FAC2024-0325
2024-02-04;VT;445700;TVA sur vente - CLIENT_008;0.00;47995.90;FAC2024-0325
2024-09-28;VT;411000;Facture N°FAC2024-0326 - CLIENT_014;592398.66;0.00;FAC2024-0326
2024-09-28;VT;700000;Vente marchandises - CLIENT_014;0.00;497814;FAC2024-0326
2024-09-28;VT;445700;TVA sur vente - CLIENT_014;0.00;94584.66;FAC2024-0326
2024-01-24;VT;411000;Facture N°FAC2024-0327 - CLIENT_007;544837.93;0.00;FAC2024-0327
2024-01-24;VT;700000;Vente marchandises - CLIENT_007;0.00;457847;FAC2024-0327
2024-01-24;VT;445700;TVA sur vente - CLIENT_007;0.00;86990.93;FAC2024-0327
2024-02-17;VT;411000;Facture N°FAC2024-0328 - CLIENT_016;86455.88;0.00;FAC2024-0328
2024-02-17;VT;700000;Vente marchandises - CLIENT_016;0.00;72652;FAC2024-0328
2024-02-17;VT;445700;TVA sur vente - CLIENT_016;0.00;13803.88;FAC2024-0328
2024-06-04;VT;411000;Facture N°FAC2024-0329 - CLIENT_020;101303.51;0.00;FAC2024-0329
2024-06-04;VT;700000;Vente marchandises - CLIENT_020;0.00;85129;FAC2024-0329
2024-06-04;VT;445700;TVA sur vente - CLIENT_020;0.00;16174.51;FAC2024-0329
2024-03-22;VT;411000;Facture N°FAC2024-0330 - CLIENT_004;50456.10;0.00;FAC2024-0330
2024-03-22;VT;700000;Vente marchandises - CLIENT_004;0.00;46290;FAC2024-0330
2024-03-22;VT;445700;TVA sur vente - CLIENT_004;0.00;4166.10;FAC2024-0330
2024-05-19;VT;411000;Facture N°FAC2024-0331 - CLIENT_007;525857.43;0.00;FAC2024-0331
2024-05-19;VT;700000;Vente marchandises - CLIENT_007;0.00;441897;FAC2024-0331
2024-05-19;VT;445700;TVA sur vente - CLIENT_007;0.00;83960.43;FAC2024-0331
2024-06-11;VT;411000;Facture N°FAC2024-0332 - CLIENT_020;568103.62;0.00;FAC2024-0332
2024-06-11;VT;700000;Vente marchandises - CLIENT_020;0.00;477398;FAC2024-0332
2024-06-11;VT;445700;TVA sur vente - CLIENT_020;0.00;90705.62;FAC2024-0332
2024-06-30;VT;411000;Facture N°FAC2024-0333 - CLIENT_007;496507.27;0.00;FAC2024-0333
2024-06-30;VT;700000;Vente marchandises - CLIENT_007;0.00;417233;FAC2024-0333
2024-06-30;VT;445700;TVA sur vente - CLIENT_007;0.00;79274.27;FAC2024-0333
2024-10-11;VT;411000;Facture N°FAC2024-0334 - CLIENT_018;375492.60;0.00;FAC2024-0334
2024-10-11;VT;700000;Vente marchandises - CLIENT_018;0.00;315540;FAC2024-0334
2024-10-11;VT;445700;TVA sur vente - CLIENT_018;0.00;59952.60;FAC2024-0334
2024-02-10;VT;411000;Facture N°FAC2024-0335 - CLIENT_001;172108.51;0.00;FAC2024-0335
2024-02-10;VT;700000;Vente marchandises - CLIENT_001;0.00;144629;FAC2024-0335
2024-02-10;VT;445700;TVA sur vente - CLIENT_001;0.00;27479.51;FAC2024-0335
2024-08-24;VT;411000;Facture N°FAC2024-0336 - CLIENT_005;85309.94;0.00;FAC2024-0336
2024-08-24;VT;700000;Vente marchandises - CLIENT_005;0.00;78266;FAC2024-0336
2024-08-24;VT;445700;TVA sur vente - CLIENT_005;0.00;7043.94;FAC2024-0336
2024-11-26;VT;411000;Facture N°FAC2024-0337 - CLIENT_013;473709.64;0.00;FAC2024-0337
2024-11-26;VT;700000;Vente marchandises - CLIENT_013;0.00;434596;FAC2024-0337
2024-11-26;VT;445700;TVA sur vente - CLIENT_013;0.00;39113.64;FAC2024-0337
2024-09-27;VT;411000;Facture N°FAC2024-0338 - CLIENT_015;272633.76;0.00;FAC2024-0338
2024-09-27;VT;700000;Vente marchandises - CLIENT_015;0.00;229104;FAC2024-0338
2024-09-27;VT;445700;TVA sur vente - CLIENT_015;0.00;43529.76;FAC2024-0338
2024-05-02;VT;411000;Facture N°FAC2024-0339 - CLIENT_003;518290.22;0.00;FAC2024-0339
2024-05-02;VT;700000;Vente marchandises - CLIENT_003;0.00;435538;FAC2024-0339
2024-05-02;VT;445700;TVA sur vente - CLIENT_003;0.00;82752.22;FAC2024-0339
2024-03-13;VT;411000;Facture N°FAC2024-0340 - CLIENT_011;230742.19;0.00;FAC2024-0340
2024-03-13;VT;700000;Vente marchandises - CLIENT_011;0.00;193901;FAC2024-0340
2024-03-13;VT;445700;TVA sur vente - CLIENT_011;0.00;36841.19;FAC2024-0340
2024-10-14;VT;411000;Facture N°FAC2024-0341 - CLIENT_009;361379.20;0.00;FAC2024-0341
2024-10-14;VT;700000;Vente marchandises - CLIENT_009;0.00;303680;FAC2024-0341
2024-10-14;VT;445700;TVA sur vente - CLIENT_009;0.00;57699.20;FAC2024-0341
2024-11-03;VT;411000;Facture N°FAC2024-0342 - CLIENT_010;543750.27;0.00;FAC2024-0342
2024-11-03;VT;700000;Vente marchandises - CLIENT_010;0.00;456933;FAC2024-0342
2024-11-03;VT;445700;TVA sur vente - CLIENT_010;0.00;86817.27;FAC2024-0342
2024-04-01;VT;411000;Facture N°FAC2024-0343 - CLIENT_016;281161.30;0.00;FAC2024-0343
2024-04-01;VT;700000;Vente marchandises - CLIENT_016;0.00;236270;FAC2024-0343
2024-04-01;VT;445700;TVA sur vente - CLIENT_016;0.00;44891.30;FAC2024-0343
2024-06-29;VT;411000;Facture N°FAC2024-0344 - CLIENT_013;258555.63;0.00;FAC2024-0344
2024-06-29;VT;700000;Vente marchandises - CLIENT_013;0.00;237207;FAC2024-0344
2024-06-29;VT;445700;TVA sur vente - CLIENT_013;0.00;21348.63;FAC2024-0344
2024-09-29;VT;411000;Facture N°FAC2024-0345 - CLIENT_009;130241.93;0.00;FAC2024-0345
2024-09-29;VT;700000;Vente marchandises - CLIENT_009;0.00;109447;FAC2024-0345
2024-09-29;VT;445700;TVA sur vente - CLIENT_009;0.00;20794.93;FAC2024-0345
2024-02-02;VT;411000;Facture N°FAC2024-0346 - CLIENT_015;378967.93;0.00;FAC2024-0346
2024-02-02;VT;700000;Vente marchandises - CLIENT_015;0.00;347677;FAC2024-0346
2024-02-02;VT;445700;TVA sur vente - CLIENT_015;0.00;31290.93;FAC2024-0346
2024-08-01;VT;411000;Facture N°FAC2024-0347 - CLIENT_007;398717.83;0.00;FAC2024-0347
2024-08-01;VT;700000;Vente marchandises - CLIENT_007;0.00;335057;FAC2024-0347
2024-08-01;VT;445700;TVA sur vente - CLIENT_007;0.00;63660.83;FAC2024-0347
2024-08-12;VT;411000;Facture N°FAC2024-0348 - CLIENT_012;56529.76;0.00;FAC2024-0348
2024-08-12;VT;700000;Vente marchandises - CLIENT_012;0.00;47504;FAC2024-0348
2024-08-12;VT;445700;TVA sur vente - CLIENT_012;0.00;9025.76;FAC2024-0348
2024-01-13;VT;411000;Facture N°FAC2024-0349 - CLIENT_003;220423.70;0.00;FAC2024-0349
2024-01-13;VT;700000;Vente marchandises - CLIENT_003;0.00;185230;FAC2024-0349
2024-01-13;VT;445700;TVA sur vente - CLIENT_003;0.00;35193.70;FAC2024-0349
2024-06-19;VT;411000;Facture N°FAC2024-0350 - CLIENT_007;112842.94;0.00;FAC2024-0350
2024-06-19;VT;700000;Vente marchandises - CLIENT_007;0.00;94826;FAC2024-0350
2024-06-19;VT;445700;TVA sur vente - CLIENT_007;0.00;18016.94;FAC2024-0350
2024-07-21;VT;411000;Facture N°FAC2024-0351 - CLIENT_019;340363.40;0.00;FAC2024-0351
2024-07-21;VT;700000;Vente marchandises - CLIENT_019;0.00;312260;FAC2024-0351
2024-07-21;VT;445700;TVA sur vente - CLIENT_019;0.00;28103.40;FAC2024-0351
2024-05-25;VT;411000;Facture N°FAC2024-0352 - CLIENT_003;529004.98;0.00;FAC2024-0352
2024-05-25;VT;700000;Vente marchandises - CLIENT_003;0.00;444542;FAC2024-0352
2024-05-25;VT;445700;TVA sur vente - CLIENT_003;0.00;84462.98;FAC2024-0352
2024-11-23;VT;411000;Facture N°FAC2024-0353 - CLIENT_017;265567.54;0.00;FAC2024-0353
2024-11-23;VT;700000;Vente marchandises - CLIENT_017;0.00;223166;FAC2024-0353
2024-11-23;VT;445700;TVA sur vente - CLIENT_017;0.00;42401.54;FAC2024-0353
2024-02-17;VT;411000;Facture N°FAC2024-0354 - CLIENT_005;343633.40;0.00;FAC2024-0354
2024-02-17;VT;700000;Vente marchandises - CLIENT_005;0.00;315260;FAC2024-0354
2024-02-17;VT;445700;TVA sur vente - CLIENT_005;0.00;28373.40;FAC2024-0354
2024-12-24;VT;411000;Facture N°FAC2024-0355 - CLIENT_005;113618.82;0.00;FAC2024-0355
2024-12-24;VT;700000;Vente marchandises - CLIENT_005;0.00;95478;FAC2024-0355
2024-12-24;VT;445700;TVA sur vente - CLIENT_005;0.00;18140.82;FAC2024-0355
2024-04-30;VT;411000;Facture N°FAC2024-0356 - CLIENT_005;97985.79;0.00;FAC2024-0356
2024-04-30;VT;700000;Vente marchandises - CLIENT_005;0.00;82341;FAC2024-0356
2024-04-30;VT;445700;TVA sur vente - CLIENT_005;0.00;15644.79;FAC2024-0356
2024-11-23;VT;411000;Facture N°FAC2024-0357 - CLIENT_002;543398.79;0.00;FAC2024-0357
2024-11-23;VT;700000;Vente marchandises - CLIENT_002;0.00;498531;FAC2024-0357
2024-11-23;VT;445700;TVA sur vente - CLIENT_002;0.00;44867.79;FAC2024-0357
2024-04-14;VT;411000;Facture N°FAC2024-0358 - CLIENT_019;350347.90;0.00;FAC2024-0358
2024-04-14;VT;700000;Vente marchandises - CLIENT_019;0.00;294410;FAC2024-0358
2024-04-14;VT;445700;TVA sur vente - CLIENT_019;0.00;55937.90;FAC2024-0358
2024-11-24;VT;411000;Facture N°FAC2024-0359 - CLIENT_012;89652.22;0.00;FAC2024-0359
2024-11-24;VT;700000;Vente marchandises - CLIENT_012;0.00;75338;FAC2024-0359
2024-11-24;VT;445700;TVA sur vente - CLIENT_012;0.00;14314.22;FAC2024-0359
2024-05-17;VT;411000;Facture N°FAC2024-0360 - CLIENT_002;131505.71;0.00;FAC2024-0360
2024-05-17;VT;700000;Vente marchandises - CLIENT_002;0.00;110509;FAC2024-0360
2024-05-17;VT;445700;TVA sur vente - CLIENT_002;0.00;20996.71;FAC2024-0360
2024-02-09;VT;411000;Facture N°FAC2024-0361 - CLIENT_004;541358.37;0.00;FAC2024-0361
2024-02-09;VT;700000;Vente marchandises - CLIENT_004;0.00;454923;FAC2024-0361
2024-02-09;VT;445700;TVA sur vente - CLIENT_004;0.00;86435.37;FAC2024-0361
2024-03-11;VT;411000;Facture N°FAC2024-0362 - CLIENT_003;536404.40;0.00;FAC2024-0362
2024-03-11;VT;700000;Vente marchandises - CLIENT_003;0.00;450760;FAC2024-0362
2024-03-11;VT;445700;TVA sur vente - CLIENT_003;0.00;85644.40;FAC2024-0362
2024-05-19;VT;411000;Facture N°FAC2024-0363 - CLIENT_019;369872.23;0.00;FAC2024-0363
2024-05-19;VT;700000;Vente marchandises - CLIENT_019;0.00;310817;FAC2024-0363
2024-05-19;VT;445700;TVA sur vente - CLIENT_019;0.00;59055.23;FAC2024-0363
2024-02-01;VT;411000;Facture N°FAC2024-0364 - CLIENT_018;204678.02;0.00;FAC2024-0364
2024-02-01;VT;700000;Vente marchandises - CLIENT_018;0.00;187778;FAC2024-0364
2024-02-01;VT;445700;TVA sur vente - CLIENT_018;0.00;16900.02;FAC2024-0364
2024-12-04;VT;411000;Facture N°FAC2024-0365 - CLIENT_020;132977.74;0.00;FAC2024-0365
2024-12-04;VT;700000;Vente marchandises - CLIENT_020;0.00;111746;FAC2024-0365
2024-12-04;VT;445700;TVA sur vente - CLIENT_020;0.00;21231.74;FAC2024-0365
2024-04-14;VT;411000;Facture N°FAC2024-0366 - CLIENT_006;336107.17;0.00;FAC2024-0366
2024-04-14;VT;700000;Vente marchandises - CLIENT_006;0.00;282443;FAC2024-0366
2024-04-14;VT;445700;TVA sur vente - CLIENT_006;0.00;53664.17;FAC2024-0366
2024-09-15;VT;411000;Facture N°FAC2024-0367 - CLIENT_011;25322.01;0.00;FAC2024-0367
2024-09-15;VT;700000;Vente marchandises - CLIENT_011;0.00;21279;FAC2024-0367
2024-09-15;VT;445700;TVA sur vente - CLIENT_011;0.00;4043.01;FAC2024-0367
2024-04-14;VT;411000;Facture N°FAC2024-0368 - CLIENT_008;140773.43;0.00;FAC2024-0368
2024-04-14;VT;700000;Vente marchandises - CLIENT_008;0.00;118297;FAC2024-0368
2024-04-14;VT;445700;TVA sur vente - CLIENT_008;0.00;22476.43;FAC2024-0368
2024-10-02;VT;411000;Facture N°FAC2024-0369 - CLIENT_003;75306.77;0.00;FAC2024-0369
2024-10-02;VT;700000;Vente marchandises - CLIENT_003;0.00;63283;FAC2024-0369
2024-10-02;VT;445700;TVA sur vente - CLIENT_003;0.00;12023.77;FAC2024-0369
2024-03-06;VT;411000;Facture N°FAC2024-0370 - CLIENT_019;518463.95;0.00;FAC2024-0370
2024-03-06;VT;700000;Vente marchandises - CLIENT_019;0.00;475655;FAC2024-0370
2024-03-06;VT;445700;TVA sur vente - CLIENT_019;0.00;42808.95;FAC2024-0370
2024-08-26;VT;411000;Facture N°FAC2024-0371 - CLIENT_013;55932.26;0.00;FAC2024-0371
2024-08-26;VT;700000;Vente marchandises - CLIENT_013;0.00;51314;FAC2024-0371
2024-08-26;VT;445700;TVA sur vente - CLIENT_013;0.00;4618.26;FAC2024-0371
2024-12-29;VT;411000;Facture N°FAC2024-0372 - CLIENT_018;157934.42;0.00;FAC2024-0372
2024-12-29;VT;700000;Vente marchandises - CLIENT_018;0.00;132718;FAC2024-0372
2024-12-29;VT;445700;TVA sur vente - CLIENT_018;0.00;25216.42;FAC2024-0372
2024-10-10;VT;411000;Facture N°FAC2024-0373 - CLIENT_006;561268.26;0.00;FAC2024-0373
2024-10-10;VT;700000;Vente marchandises - CLIENT_006;0.00;471654;FAC2024-0373
2024-10-10;VT;445700;TVA sur vente - CLIENT_006;0.00;89614.26;FAC2024-0373
2024-04-15;VT;411000;Facture N°FAC2024-0374 - CLIENT_019;357792.54;0.00;FAC2024-0374
2024-04-15;VT;700000;Vente marchandises - CLIENT_019;0.00;300666;FAC2024-0374
2024-04-15;VT;445700;TVA sur vente - CLIENT_019;0.00;57126.54;FAC2024-0374
2024-06-24;VT;411000;Facture N°FAC2024-0375 - CLIENT_019;582175.37;0.00;FAC2024-0375
2024-06-24;VT;700000;Vente marchandises - CLIENT_019;0.00;489223;FAC2024-0375
2024-06-24;VT;445700;TVA sur vente - CLIENT_019;0.00;92952.37;FAC2024-0375
2024-06-23;VT;411000;Facture N°FAC2024-0376 - CLIENT_001;593362.56;0.00;FAC2024-0376
2024-06-23;VT;700000;Vente marchandises - CLIENT_001;0.00;498624;FAC2024-0376
2024-06-23;VT;445700;TVA sur vente - CLIENT_001;0.00;94738.56;FAC2024-0376
2024-01-13;VT;411000;Facture N°FAC2024-0377 - CLIENT_006;44008.58;0.00;FAC2024-0377
2024-01-13;VT;700000;Vente marchandises - CLIENT_006;0.00;36982;FAC2024-0377
2024-01-13;VT;445700;TVA sur vente - CLIENT_006;0.00;7026.58;FAC2024-0377
2024-02-19;VT;411000;Facture N°FAC2024-0378 - CLIENT_012;530015.29;0.00;FAC2024-0378
2024-02-19;VT;700000;Vente marchandises - CLIENT_012;0.00;445391;FAC2024-0378
2024-02-19;VT;445700;TVA sur vente - CLIENT_012;0.00;84624.29;FAC2024-0378
2024-04-07;VT;411000;Facture N°FAC2024-0379 - CLIENT_015;510924.12;0.00;FAC2024-0379
2024-04-07;VT;700000;Vente marchandises - CLIENT_015;0.00;429348;FAC2024-0379
2024-04-07;VT;445700;TVA sur vente - CLIENT_015;0.00;81576.12;FAC2024-0379
2024-08-08;VT;411000;Facture N°FAC2024-0380 - CLIENT_009;410076.53;0.00;FAC2024-0380
2024-08-08;VT;700000;Vente marchandises - CLIENT_009;0.00;376217;FAC2024-0380
2024-08-08;VT;445700;TVA sur vente - CLIENT_009;0.00;33859.53;FAC2024-0380
2024-03-30;VT;411000;Facture N°FAC2024-0381 - CLIENT_002;262047.52;0.00;FAC2024-0381
2024-03-30;VT;700000;Vente marchandises - CLIENT_002;0.00;220208;FAC2024-0381
2024-03-30;VT;445700;TVA sur vente - CLIENT_002;0.00;41839.52;FAC2024-0381
2024-03-02;VT;411000;Facture N°FAC2024-0382 - CLIENT_009;267816.64;0.00;FAC2024-0382
2024-03-02;VT;700000;Vente marchandises - CLIENT_009;0.00;225056;FAC2024-0382
2024-03-02;VT;445700;TVA sur vente - CLIENT_009;0.00;42760.64;FAC2024-0382
2024-05-11;VT;411000;Facture N°FAC2024-0383 - CLIENT_011;572329.31;0.00;FAC2024-0383
2024-05-11;VT;700000;Vente marchandises - CLIENT_011;0.00;480949;FAC2024-0383
2024-05-11;VT;445700;TVA sur vente - CLIENT_011;0.00;91380.31;FAC2024-0383
2024-10-03;VT;411000;Facture N°FAC2024-0384 - CLIENT_019;245670.74;0.00;FAC2024-0384
2024-10-03;VT;700000;Vente marchandises - CLIENT_019;0.00;206446;FAC2024-0384
2024-10-03;VT;445700;TVA sur vente - CLIENT_019;0.00;39224.74;FAC2024-0384
2024-01-18;VT;411000;Facture N°FAC2024-0385 - CLIENT_016;80605.84;0.00;FAC2024-0385
2024-01-18;VT;700000;Vente marchandises - CLIENT_016;0.00;67736;FAC2024-0385
2024-01-18;VT;445700;TVA sur vente - CLIENT_016;0.00;12869.84;FAC2024-0385
2024-11-05;VT;411000;Facture N°FAC2024-0386 - CLIENT_017;381887.66;0.00;FAC2024-0386
2024-11-05;VT;700000;Vente marchandises - CLIENT_017;0.00;320914;FAC2024-0386
2024-11-05;VT;445700;TVA sur vente - CLIENT_017;0.00;60973.66;FAC2024-0386
2024-01-09;VT;411000;Facture N°FAC2024-0387 - CLIENT_003;98714.07;0.00;FAC2024-0387
2024-01-09;VT;700000;Vente marchandises - CLIENT_003;0.00;82953;FAC2024-0387
2024-01-09;VT;445700;TVA sur vente - CLIENT_003;0.00;15761.07;FAC2024-0387
2024-01-29;VT;411000;Facture N°FAC2024-0388 - CLIENT_009;344275.41;0.00;FAC2024-0388
2024-01-29;VT;700000;Vente marchandises - CLIENT_009;0.00;315849;FAC2024-0388
2024-01-29;VT;445700;TVA sur vente - CLIENT_009;0.00;28426.41;FAC2024-0388
2024-11-27;VT;411000;Facture N°FAC2024-0389 - CLIENT_015;484684.62;0.00;FAC2024-0389
2024-11-27;VT;700000;Vente marchandises - CLIENT_015;0.00;407298;FAC2024-0389
2024-11-27;VT;445700;TVA sur vente - CLIENT_015;0.00;77386.62;FAC2024-0389
2024-01-12;VT;411000;Facture N°FAC2024-0390 - CLIENT_015;488468.82;0.00;FAC2024-0390
2024-01-12;VT;700000;Vente marchandises - CLIENT_015;0.00;410478;FAC2024-0390
2024-01-12;VT;445700;TVA sur vente - CLIENT_015;0.00;77990.82;FAC2024-0390
2024-04-08;VT;411000;Facture N°FAC2024-0391 - CLIENT_012;248954.91;0.00;FAC2024-0391
2024-04-08;VT;700000;Vente marchandises - CLIENT_012;0.00;228399;FAC2024-0391
2024-04-08;VT;445700;TVA sur vente - CLIENT_012;0.00;20555.91;FAC2024-0391
2024-04-03;VT;411000;Facture N°FAC2024-0392 - CLIENT_002;208031.04;0.00;FAC2024-0392
2024-04-03;VT;700000;Vente marchandises - CLIENT_002;0.00;174816;FAC2024-0392
2024-04-03;VT;445700;TVA sur vente - CLIENT_002;0.00;33215.04;FAC2024-0392
2024-03-25;VT;411000;Facture N°FAC2024-0393 - CLIENT_010;51537.71;0.00;FAC2024-0393
2024-03-25;VT;700000;Vente marchandises - CLIENT_010;0.00;43309;FAC2024-0393
2024-03-25;VT;445700;TVA sur vente - CLIENT_010;0.00;8228.71;FAC2024-0393
2024-04-08;VT;411000;Facture N°FAC2024-0394 - CLIENT_011;414412.55;0.00;FAC2024-0394
2024-04-08;VT;700000;Vente marchandises - CLIENT_011;0.00;380195;FAC2024-0394
2024-04-08;VT;445700;TVA sur vente - CLIENT_011;0.00;34217.55;FAC2024-0394
2024-01-01;VT;411000;Facture N°FAC2024-0395 - CLIENT_005;312058.46;0.00;FAC2024-0395
2024-01-01;VT;700000;Vente marchandises - CLIENT_005;0.00;262234;FAC2024-0395
2024-01-01;VT;445700;TVA sur vente - CLIENT_005;0.00;49824.46;FAC2024-0395
2024-08-01;VT;411000;Facture N°FAC2024-0396 - CLIENT_003;318852.17;0.00;FAC2024-0396
2024-08-01;VT;700000;Vente marchandises - CLIENT_003;0.00;267943;FAC2024-0396
2024-08-01;VT;445700;TVA sur vente - CLIENT_003;0.00;50909.17;FAC2024-0396
2024-03-01;VT;411000;Facture N°FAC2024-0397 - CLIENT_005;504174.44;0.00;FAC2024-0397
2024-03-01;VT;700000;Vente marchandises - CLIENT_005;0.00;423676;FAC2024-0397
2024-03-01;VT;445700;TVA sur vente - CLIENT_005;0.00;80498.44;FAC2024-0397
2024-02-02;VT;411000;Facture N°FAC2024-0398 - CLIENT_011;441260.34;0.00;FAC2024-0398
2024-02-02;VT;700000;Vente marchandises - CLIENT_011;0.00;404826;FAC2024-0398
2024-02-02;VT;445700;TVA sur vente - CLIENT_011;0.00;36434.34;FAC2024-0398
2024-06-05;VT;411000;Facture N°FAC2024-0399 - CLIENT_018;243615.61;0.00;FAC2024-0399
2024-06-05;VT;700000;Vente marchandises - CLIENT_018;0.00;204719;FAC2024-0399
2024-06-05;VT;445700;TVA sur vente - CLIENT_018;0.00;38896.61;FAC2024-0399
2024-09-15;VT;411000;Facture N°FAC2024-0400 - CLIENT_007;345942.52;0.00;FAC2024-0400
2024-09-15;VT;700000;Vente marchandises - CLIENT_007;0.00;290708;FAC2024-0400
2024-09-15;VT;445700;TVA sur vente - CLIENT_007;0.00;55234.52;FAC2024-0400
2024-06-19;VT;411000;Facture N°FAC2024-0401 - CLIENT_008;137421.75;0.00;FAC2024-0401
2024-06-19;VT;700000;Vente marchandises - CLIENT_008;0.00;126075;FAC2024-0401
2024-06-19;VT;445700;TVA sur vente - CLIENT_008;0.00;11346.75;FAC2024-0401
2024-06-11;VT;411000;Facture N°FAC2024-0402 - CLIENT_013;482070.19;0.00;FAC2024-0402
2024-06-11;VT;700000;Vente marchandises - CLIENT_013;0.00;405101;FAC2024-0402
2024-06-11;VT;445700;TVA sur vente - CLIENT_013;0.00;76969.19;FAC2024-0402
2024-10-16;VT;411000;Facture N°FAC2024-0403 - CLIENT_004;87528.07;0.00;FAC2024-0403
2024-10-16;VT;700000;Vente marchandises - CLIENT_004;0.00;73553;FAC2024-0403
2024-10-16;VT;445700;TVA sur vente - CLIENT_004;0.00;13975.07;FAC2024-0403
2024-05-25;VT;411000;Facture N°FAC2024-0404 - CLIENT_019;289941.12;0.00;FAC2024-0404
2024-05-25;VT;700000;Vente marchandises - CLIENT_019;0.00;243648;FAC2024-0404
2024-05-25;VT;445700;TVA sur vente - CLIENT_019;0.00;46293.12;FAC2024-0404
2024-09-17;VT;411000;Facture N°FAC2024-0405 - CLIENT_011;198563.12;0.00;FAC2024-0405
2024-09-17;VT;700000;Vente marchandises - CLIENT_011;0.00;182168;FAC2024-0405
2024-09-17;VT;445700;TVA sur vente - CLIENT_011;0.00;16395.12;FAC2024-0405
2024-03-23;VT;411000;Facture N°FAC2024-0406 - CLIENT_006;341996.48;0.00;FAC2024-0406
2024-03-23;VT;700000;Vente marchandises - CLIENT_006;0.00;287392;FAC2024-0406
2024-03-23;VT;445700;TVA sur vente - CLIENT_006;0.00;54604.48;FAC2024-0406
2024-06-02;VT;411000;Facture N°FAC2024-0407 - CLIENT_017;197232.98;0.00;FAC2024-0407
2024-06-02;VT;700000;Vente marchandises - CLIENT_017;0.00;165742;FAC2024-0407
2024-06-02;VT;445700;TVA sur vente - CLIENT_017;0.00;31490.98;FAC2024-0407
2024-08-10;VT;411000;Facture N°FAC2024-0408 - CLIENT_017;74895.03;0.00;FAC2024-0408
2024-08-10;VT;700000;Vente marchandises - CLIENT_017;0.00;62937;FAC2024-0408
2024-08-10;VT;445700;TVA sur vente - CLIENT_017;0.00;11958.03;FAC2024-0408
2024-01-26;VT;411000;Facture N°FAC2024-0409 - CLIENT_016;6974.59;0.00;FAC2024-0409
2024-01-26;VT;700000;Vente marchandises - CLIENT_016;0.00;5861;FAC2024-0409
2024-01-26;VT;445700;TVA sur vente - CLIENT_016;0.00;1113.59;FAC2024-0409
2024-08-17;VT;411000;Facture N°FAC2024-0410 - CLIENT_007;549939.46;0.00;FAC2024-0410
2024-08-17;VT;700000;Vente marchandises - CLIENT_007;0.00;462134;FAC2024-0410
2024-08-17;VT;445700;TVA sur vente - CLIENT_007;0.00;87805.46;FAC2024-0410
2024-05-01;VT;411000;Facture N°FAC2024-0411 - CLIENT_003;360811.80;0.00;FAC2024-0411
2024-05-01;VT;700000;Vente marchandises - CLIENT_003;0.00;331020;FAC2024-0411
2024-05-01;VT;445700;TVA sur vente - CLIENT_003;0.00;29791.80;FAC2024-0411
2024-05-23;VT;411000;Facture N°FAC2024-0412 - CLIENT_014;231502.60;0.00;FAC2024-0412
2024-05-23;VT;700000;Vente marchandises - CLIENT_014;0.00;194540;FAC2024-0412
2024-05-23;VT;445700;TVA sur vente - CLIENT_014;0.00;36962.60;FAC2024-0412
2024-08-25;VT;411000;Facture N°FAC2024-0413 - CLIENT_017;44915.36;0.00;FAC2024-0413
2024-08-25;VT;700000;Vente marchandises - CLIENT_017;0.00;37744;FAC2024-0413
2024-08-25;VT;445700;TVA sur vente - CLIENT_017;0.00;7171.36;FAC2024-0413
2024-05-28;VT;411000;Facture N°FAC2024-0414 - CLIENT_006;557813.69;0.00;FAC2024-0414
2024-05-28;VT;700000;Vente marchandises - CLIENT_006;0.00;468751;FAC2024-0414
2024-05-28;VT;445700;TVA sur vente - CLIENT_006;0.00;89062.69;FAC2024-0414
2024-12-30;VT;411000;Facture N°FAC2024-0415 - CLIENT_018;354253.48;0.00;FAC2024-0415
2024-12-30;VT;700000;Vente marchandises - CLIENT_018;0.00;297692;FAC2024-0415
2024-12-30;VT;445700;TVA sur vente - CLIENT_018;0.00;56561.48;FAC2024-0415
2024-10-05;VT;411000;Facture N°FAC2024-0416 - CLIENT_012;507224.41;0.00;FAC2024-0416
2024-10-05;VT;700000;Vente marchandises - CLIENT_012;0.00;426239;FAC2024-0416
2024-10-05;VT;445700;TVA sur vente - CLIENT_012;0.00;80985.41;FAC2024-0416
2024-02-12;VT;411000;Facture N°FAC2024-0417 - CLIENT_010;552340.88;0.00;FAC2024-0417
2024-02-12;VT;700000;Vente marchandises - CLIENT_010;0.00;464152;FAC2024-0417
2024-02-12;VT;445700;TVA sur vente - CLIENT_010;0.00;88188.88;FAC2024-0417
2024-12-04;VT;411000;Facture N°FAC2024-0418 - CLIENT_006;565533.22;0.00;FAC2024-0418
2024-12-04;VT;700000;Vente marchandises - CLIENT_006;0.00;475238;FAC2024-0418
2024-12-04;VT;445700;TVA sur vente - CLIENT_006;0.00;90295.22;FAC2024-0418
2024-10-04;VT;411000;Facture N°FAC2024-0419 - CLIENT_009;376831.35;0.00;FAC2024-0419
2024-10-04;VT;700000;Vente marchandises - CLIENT_009;0.00;316665;FAC2024-0419
2024-10-04;VT;445700;TVA sur vente - CLIENT_009;0.00;60166.35;FAC2024-0419
2024-02-04;VT;411000;Facture N°FAC2024-0420 - CLIENT_016;435549.52;0.00;FAC2024-0420
2024-02-04;VT;700000;Vente marchandises - CLIENT_016;0.00;366008;FAC2024-0420
2024-02-04;VT;445700;TVA sur vente - CLIENT_016;0.00;69541.52;FAC2024-0420
2024-08-04;VT;411000;Facture N°FAC2024-0421 - CLIENT_015;512491.84;0.00;FAC2024-0421
2024-08-04;VT;700000;Vente marchandises - CLIENT_015;0.00;470176;FAC2024-0421
2024-08-04;VT;445700;TVA sur vente - CLIENT_015;0.00;42315.84;FAC2024-0421
2024-08-06;VT;411000;Facture N°FAC2024-0422 - CLIENT_010;495103.07;0.00;FAC2024-0422
2024-08-06;VT;700000;Vente marchandises - CLIENT_010;0.00;416053;FAC2024-0422
2024-08-06;VT;445700;TVA sur vente - CLIENT_010;0.00;79050.07;FAC2024-0422
2024-03-17;VT;411000;Facture N°FAC2024-0423 - CLIENT_013;109226.53;0.00;FAC2024-0423
2024-03-17;VT;700000;Vente marchandises - CLIENT_013;0.00;91787;FAC2024-0423
2024-03-17;VT;445700;TVA sur vente - CLIENT_013;0.00;17439.53;FAC2024-0423
2024-07-14;VT;411000;Facture N°FAC2024-0424 - CLIENT_003;470924.65;0.00;FAC2024-0424
2024-07-14;VT;700000;Vente marchandises - CLIENT_003;0.00;395735;FAC2024-0424
2024-07-14;VT;445700;TVA sur vente - CLIENT_003;0.00;75189.65;FAC2024-0424
2024-11-26;VT;411000;Facture N°FAC2024-0425 - CLIENT_006;80646.92;0.00;FAC2024-0425
2024-11-26;VT;700000;Vente marchandises - CLIENT_006;0.00;73988;FAC2024-0425
2024-11-26;VT;445700;TVA sur vente - CLIENT_006;0.00;6658.92;FAC2024-0425
2024-01-29;VT;411000;Facture N°FAC2024-0426 - CLIENT_002;559452.32;0.00;FAC2024-0426
2024-01-29;VT;700000;Vente marchandises - CLIENT_002;0.00;470128;FAC2024-0426
2024-01-29;VT;445700;TVA sur vente - CLIENT_002;0.00;89324.32;FAC2024-0426
2024-12-17;VT;411000;Facture N°FAC2024-0427 - CLIENT_017;248765.93;0.00;FAC2024-0427
2024-12-17;VT;700000;Vente marchandises - CLIENT_017;0.00;209047;FAC2024-0427
2024-12-17;VT;445700;TVA sur vente - CLIENT_017;0.00;39718.93;FAC2024-0427
2024-03-05;VT;411000;Facture N°FAC2024-0428 - CLIENT_008;315406.76;0.00;FAC2024-0428
2024-03-05;VT;700000;Vente marchandises - CLIENT_008;0.00;289364;FAC2024-0428
2024-03-05;VT;445700;TVA sur vente - CLIENT_008;0.00;26042.76;FAC2024-0428
2024-01-24;VT;411000;Facture N°FAC2024-0429 - CLIENT_006;342689.06;0.00;FAC2024-0429
2024-01-24;VT;700000;Vente marchandises - CLIENT_006;0.00;287974;FAC2024-0429
2024-01-24;VT;445700;TVA sur vente - CLIENT_006;0.00;54715.06;FAC2024-0429
2024-02-01;VT;411000;Facture N°FAC2024-0430 - CLIENT_013;517456.03;0.00;FAC2024-0430
2024-02-01;VT;700000;Vente marchandises - CLIENT_013;0.00;434837;FAC2024-0430
2024-02-01;VT;445700;TVA sur vente - CLIENT_013;0.00;82619.03;FAC2024-0430
2024-02-20;VT;411000;Facture N°FAC2024-0431 - CLIENT_003;123198.32;0.00;FAC2024-0431
2024-02-20;VT;700000;Vente marchandises - CLIENT_003;0.00;103528;FAC2024-0431
2024-02-20;VT;445700;TVA sur vente - CLIENT_003;0.00;19670.32;FAC2024-0431
2024-09-23;VT;411000;Facture N°FAC2024-0432 - CLIENT_018;451179.34;0.00;FAC2024-0432
2024-09-23;VT;700000;Vente marchandises - CLIENT_018;0.00;413926;FAC2024-0432
2024-09-23;VT;445700;TVA sur vente - CLIENT_018;0.00;37253.34;FAC2024-0432
2024-08-24;VT;411000;Facture N°FAC2024-0433 - CLIENT_005;227942.12;0.00;FAC2024-0433
2024-08-24;VT;700000;Vente marchandises - CLIENT_005;0.00;191548;FAC2024-0433
2024-08-24;VT;445700;TVA sur vente - CLIENT_005;0.00;36394.12;FAC2024-0433
2024-03-06;VT;411000;Facture N°FAC2024-0434 - CLIENT_008;575967.14;0.00;FAC2024-0434
2024-03-06;VT;700000;Vente marchandises - CLIENT_008;0.00;484006;FAC2024-0434
2024-03-06;VT;445700;TVA sur vente - CLIENT_008;0.00;91961.14;FAC2024-0434
2024-12-02;VT;411000;Facture N°FAC2024-0435 - CLIENT_016;357592.62;0.00;FAC2024-0435
2024-12-02;VT;700000;Vente marchandises - CLIENT_016;0.00;300498;FAC2024-0435
2024-12-02;VT;445700;TVA sur vente - CLIENT_016;0.00;57094.62;FAC2024-0435
2024-10-02;VT;411000;Facture N°FAC2024-0436 - CLIENT_008;474298.30;0.00;FAC2024-0436
2024-10-02;VT;700000;Vente marchandises - CLIENT_008;0.00;398570;FAC2024-0436
2024-10-02;VT;445700;TVA sur vente - CLIENT_008;0.00;75728.30;FAC2024-0436
2024-02-10;VT;411000;Facture N°FAC2024-0437 - CLIENT_006;235221.35;0.00;FAC2024-0437
2024-02-10;VT;700000;Vente marchandises - CLIENT_006;0.00;197665;FAC2024-0437
2024-02-10;VT;445700;TVA sur vente - CLIENT_006;0.00;37556.35;FAC2024-0437
2024-05-27;VT;411000;Facture N°FAC2024-0438 - CLIENT_010;25013.80;0.00;FAC2024-0438
2024-05-27;VT;700000;Vente marchandises - CLIENT_010;0.00;21020;FAC2024-0438
2024-05-27;VT;445700;TVA sur vente - CLIENT_010;0.00;3993.80;FAC2024-0438
2024-08-19;VT;411000;Facture N°FAC2024-0439 - CLIENT_006;283843.63;0.00;FAC2024-0439
2024-08-19;VT;700000;Vente marchandises - CLIENT_006;0.00;260407;FAC2024-0439
2024-08-19;VT;445700;TVA sur vente - CLIENT_006;0.00;23436.63;FAC2024-0439
2024-10-09;VT;411000;Facture N°FAC2024-0440 - CLIENT_010;393701.98;0.00;FAC2024-0440
2024-10-09;VT;700000;Vente marchandises - CLIENT_010;0.00;330842;FAC2024-0440
2024-10-09;VT;445700;TVA sur vente - CLIENT_010;0.00;62859.98;FAC2024-0440
2024-04-30;VT;411000;Facture N°FAC2024-0441 - CLIENT_019;174207.67;0.00;FAC2024-0441
2024-04-30;VT;700000;Vente marchandises - CLIENT_019;0.00;146393;FAC2024-0441
2024-04-30;VT;445700;TVA sur vente - CLIENT_019;0.00;27814.67;FAC2024-0441
2024-07-22;VT;411000;Facture N°FAC2024-0442 - CLIENT_017;105682.04;0.00;FAC2024-0442
2024-07-22;VT;700000;Vente marchandises - CLIENT_017;0.00;96956;FAC2024-0442
2024-07-22;VT;445700;TVA sur vente - CLIENT_017;0.00;8726.04;FAC2024-0442
2024-08-08;VT;411000;Facture N°FAC2024-0443 - CLIENT_010;97175.40;0.00;FAC2024-0443
2024-08-08;VT;700000;Vente marchandises - CLIENT_010;0.00;81660;FAC2024-0443
2024-08-08;VT;445700;TVA sur vente - CLIENT_010;0.00;15515.40;FAC2024-0443
2024-05-14;VT;411000;Facture N°FAC2024-0444 - CLIENT_009;486690.96;0.00;FAC2024-0444
2024-05-14;VT;700000;Vente marchandises - CLIENT_009;0.00;408984;FAC2024-0444
2024-05-14;VT;445700;TVA sur vente - CLIENT_009;0.00;77706.96;FAC2024-0444
2024-09-14;VT;411000;Facture N°FAC2024-0445 - CLIENT_016;155257.42;0.00;FAC2024-0445
2024-09-14;VT;700000;Vente marchandises - CLIENT_016;0.00;142438;FAC2024-0445
2024-09-14;VT;445700;TVA sur vente - CLIENT_016;0.00;12819.42;FAC2024-0445
2024-01-07;VT;411000;Facture N°FAC2024-0446 - CLIENT_008;262569.93;0.00;FAC2024-0446
2024-01-07;VT;700000;Vente marchandises - CLIENT_008;0.00;220647;FAC2024-0446
2024-01-07;VT;445700;TVA sur vente - CLIENT_008;0.00;41922.93;FAC2024-0446
2024-05-23;VT;411000;Facture N°FAC2024-0447 - CLIENT_009;405145.02;0.00;FAC2024-0447
2024-05-23;VT;700000;Vente marchandises - CLIENT_009;0.00;340458;FAC2024-0447
2024-05-23;VT;445700;TVA sur vente - CLIENT_009;0.00;64687.02;FAC2024-0447
2024-11-02;VT;411000;Facture N°FAC2024-0448 - CLIENT_016;531370.70;0.00;FAC2024-0448
2024-11-02;VT;700000;Vente marchandises - CLIENT_016;0.00;446530;FAC2024-0448
2024-11-02;VT;445700;TVA sur vente - CLIENT_016;0.00;84840.70;FAC2024-0448
2024-08-10;VT;411000;Facture N°FAC2024-0449 - CLIENT_003;371740.53;0.00;FAC2024-0449
2024-08-10;VT;700000;Vente marchandises - CLIENT_003;0.00;312387;FAC2024-0449
2024-08-10;VT;445700;TVA sur vente - CLIENT_003;0.00;59353.53;FAC2024-0449
2024-12-17;VT;411000;Facture N°FAC2024-0450 - CLIENT_012;130797.66;0.00;FAC2024-0450
2024-12-17;VT;700000;Vente marchandises - CLIENT_012;0.00;109914;FAC2024-0450
2024-12-17;VT;445700;TVA sur vente - CLIENT_012;0.00;20883.66;FAC2024-0450
2024-12-17;VT;411000;Facture N°FAC2024-0451 - CLIENT_001;247708.02;0.00;FAC2024-0451
2024-12-17;VT;700000;Vente marchandises - CLIENT_001;0.00;208158;FAC2024-0451
2024-12-17;VT;445700;TVA sur vente - CLIENT_001;0.00;39550.02;FAC2024-0451
2024-02-26;VT;411000;Facture N°FAC2024-0452 - CLIENT_001;25056.64;0.00;FAC2024-0452
2024-02-26;VT;700000;Vente marchandises - CLIENT_001;0.00;21056;FAC2024-0452
2024-02-26;VT;445700;TVA sur vente - CLIENT_001;0.00;4000.64;FAC2024-0452
2024-07-17;VT;411000;Facture N°FAC2024-0453 - CLIENT_006;549135.02;0.00;FAC2024-0453
2024-07-17;VT;700000;Vente marchandises - CLIENT_006;0.00;461458;FAC2024-0453
2024-07-17;VT;445700;TVA sur vente - CLIENT_006;0.00;87677.02;FAC2024-0453
2024-06-04;VT;411000;Facture N°FAC2024-0454 - CLIENT_005;408559.13;0.00;FAC2024-0454
2024-06-04;VT;700000;Vente marchandises - CLIENT_005;0.00;343327;FAC2024-0454
2024-06-04;VT;445700;TVA sur vente - CLIENT_005;0.00;65232.13;FAC2024-0454
2024-02-18;VT;411000;Facture N°FAC2024-0455 - CLIENT_019;560281.75;0.00;FAC2024-0455
2024-02-18;VT;700000;Vente marchandises - CLIENT_019;0.00;470825;FAC2024-0455
2024-02-18;VT;445700;TVA sur vente - CLIENT_019;0.00;89456.75;FAC2024-0455
2024-07-02;VT;411000;Facture N°FAC2024-0456 - CLIENT_019;450375.73;0.00;FAC2024-0456
2024-07-02;VT;700000;Vente marchandises - CLIENT_019;0.00;378467;FAC2024-0456
2024-07-02;VT;445700;TVA sur vente - CLIENT_019;0.00;71908.73;FAC2024-0456
2024-02-12;VT;411000;Facture N°FAC2024-0457 - CLIENT_013;78225.84;0.00;FAC2024-0457
2024-02-12;VT;700000;Vente marchandises - CLIENT_013;0.00;65736;FAC2024-0457
2024-02-12;VT;445700;TVA sur vente - CLIENT_013;0.00;12489.84;FAC2024-0457
2024-12-30;VT;411000;Facture N°FAC2024-0458 - CLIENT_001;471097.20;0.00;FAC2024-0458
2024-12-30;VT;700000;Vente marchandises - CLIENT_001;0.00;395880;FAC2024-0458
2024-12-30;VT;445700;TVA sur vente - CLIENT_001;0.00;75217.20;FAC2024-0458
2024-06-08;VT;411000;Facture N°FAC2024-0459 - CLIENT_007;151711.91;0.00;FAC2024-0459
2024-06-08;VT;700000;Vente marchandises - CLIENT_007;0.00;127489;FAC2024-0459
2024-06-08;VT;445700;TVA sur vente - CLIENT_007;0.00;24222.91;FAC2024-0459
2024-04-15;VT;411000;Facture N°FAC2024-0460 - CLIENT_011;296977.59;0.00;FAC2024-0460
2024-04-15;VT;700000;Vente marchandises - CLIENT_011;0.00;249561;FAC2024-0460
2024-04-15;VT;445700;TVA sur vente - CLIENT_011;0.00;47416.59;FAC2024-0460
2024-12-16;VT;411000;Facture N°FAC2024-0461 - CLIENT_011;401464.35;0.00;FAC2024-0461
2024-12-16;VT;700000;Vente marchandises - CLIENT_011;0.00;337365;FAC2024-0461
2024-12-16;VT;445700;TVA sur vente - CLIENT_011;0.00;64099.35;FAC2024-0461
2024-01-23;VT;411000;Facture N°FAC2024-0462 - CLIENT_004;213094.49;0.00;FAC2024-0462
2024-01-23;VT;700000;Vente marchandises - CLIENT_004;0.00;179071;FAC2024-0462
2024-01-23;VT;445700;TVA sur vente - CLIENT_004;0.00;34023.49;FAC2024-0462
2024-03-29;VT;411000;Facture N°FAC2024-0463 - CLIENT_008;81294.38;0.00;FAC2024-0463
2024-03-29;VT;700000;Vente marchandises - CLIENT_008;0.00;74582;FAC2024-0463
2024-03-29;VT;445700;TVA sur vente - CLIENT_008;0.00;6712.38;FAC2024-0463
2024-07-09;VT;411000;Facture N°FAC2024-0464 - CLIENT_007;417363.94;0.00;FAC2024-0464
2024-07-09;VT;700000;Vente marchandises - CLIENT_007;0.00;350726;FAC2024-0464
2024-07-09;VT;445700;TVA sur vente - CLIENT_007;0.00;66637.94;FAC2024-0464
2024-04-11;VT;411000;Facture N°FAC2024-0465 - CLIENT_004;505078.75;0.00;FAC2024-0465
2024-04-11;VT;700000;Vente marchandises - CLIENT_004;0.00;463375;FAC2024-0465
2024-04-11;VT;445700;TVA sur vente - CLIENT_004;0.00;41703.75;FAC2024-0465
2024-07-08;VT;411000;Facture N°FAC2024-0466 - CLIENT_006;132003.13;0.00;FAC2024-0466
2024-07-08;VT;700000;Vente marchandises - CLIENT_006;0.00;110927;FAC2024-0466
2024-07-08;VT;445700;TVA sur vente - CLIENT_006;0.00;21076.13;FAC2024-0466
2024-02-20;VT;411000;Facture N°FAC2024-0467 - CLIENT_013;494968.60;0.00;FAC2024-0467
2024-02-20;VT;700000;Vente marchandises - CLIENT_013;0.00;415940;FAC2024-0467
2024-02-20;VT;445700;TVA sur vente - CLIENT_013;0.00;79028.60;FAC2024-0467
2024-04-12;VT;411000;Facture N°FAC2024-0468 - CLIENT_010;330924.72;0.00;FAC2024-0468
2024-04-12;VT;700000;Vente marchandises - CLIENT_010;0.00;278088;FAC2024-0468
2024-04-12;VT;445700;TVA sur vente - CLIENT_010;0.00;52836.72;FAC2024-0468
2024-10-27;VT;411000;Facture N°FAC2024-0469 - CLIENT_013;328312.67;0.00;FAC2024-0469
2024-10-27;VT;700000;Vente marchandises - CLIENT_013;0.00;275893;FAC2024-0469
2024-10-27;VT;445700;TVA sur vente - CLIENT_013;0.00;52419.67;FAC2024-0469
2024-04-20;VT;411000;Facture N°FAC2024-0470 - CLIENT_001;214407.06;0.00;FAC2024-0470
2024-04-20;VT;700000;Vente marchandises - CLIENT_001;0.00;180174;FAC2024-0470
2024-04-20;VT;445700;TVA sur vente - CLIENT_001;0.00;34233.06;FAC2024-0470
2024-12-26;VT;411000;Facture N°FAC2024-0471 - CLIENT_019;194787.53;0.00;FAC2024-0471
2024-12-26;VT;700000;Vente marchandises - CLIENT_019;0.00;163687;FAC2024-0471
2024-12-26;VT;445700;TVA sur vente - CLIENT_019;0.00;31100.53;FAC2024-0471
2024-07-20;VT;411000;Facture N°FAC2024-0472 - CLIENT_018;564378.92;0.00;FAC2024-0472
2024-07-20;VT;700000;Vente marchandises - CLIENT_018;0.00;474268;FAC2024-0472
2024-07-20;VT;445700;TVA sur vente - CLIENT_018;0.00;90110.92;FAC2024-0472
2024-01-14;VT;411000;Facture N°FAC2024-0473 - CLIENT_004;68260.78;0.00;FAC2024-0473
2024-01-14;VT;700000;Vente marchandises - CLIENT_004;0.00;57362;FAC2024-0473
2024-01-14;VT;445700;TVA sur vente - CLIENT_004;0.00;10898.78;FAC2024-0473
2024-03-10;VT;411000;Facture N°FAC2024-0474 - CLIENT_001;144633.79;0.00;FAC2024-0474
2024-03-10;VT;700000;Vente marchandises - CLIENT_001;0.00;121541;FAC2024-0474
2024-03-10;VT;445700;TVA sur vente - CLIENT_001;0.00;23092.79;FAC2024-0474
2024-02-05;VT;411000;Facture N°FAC2024-0475 - CLIENT_016;271069.92;0.00;FAC2024-0475
2024-02-05;VT;700000;Vente marchandises - CLIENT_016;0.00;248688;FAC2024-0475
2024-02-05;VT;445700;TVA sur vente - CLIENT_016;0.00;22381.92;FAC2024-0475
2024-01-31;VT;411000;Facture N°FAC2024-0476 - CLIENT_015;357377.21;0.00;FAC2024-0476
2024-01-31;VT;700000;Vente marchandises - CLIENT_015;0.00;327869;FAC2024-0476
2024-01-31;VT;445700;TVA sur vente - CLIENT_015;0.00;29508.21;FAC2024-0476
2024-09-06;VT;411000;Facture N°FAC2024-0477 - CLIENT_004;364524.37;0.00;FAC2024-0477
2024-09-06;VT;700000;Vente marchandises - CLIENT_004;0.00;306323;FAC2024-0477
2024-09-06;VT;445700;TVA sur vente - CLIENT_004;0.00;58201.37;FAC2024-0477
2024-09-15;VT;411000;Facture N°FAC2024-0478 - CLIENT_014;547696.31;0.00;FAC2024-0478
2024-09-15;VT;700000;Vente marchandises - CLIENT_014;0.00;460249;FAC2024-0478
2024-09-15;VT;445700;TVA sur vente - CLIENT_014;0.00;87447.31;FAC2024-0478
2024-04-02;VT;411000;Facture N°FAC2024-0479 - CLIENT_010;5608.47;0.00;FAC2024-0479
2024-04-02;VT;700000;Vente marchandises - CLIENT_010;0.00;4713;FAC2024-0479
2024-04-02;VT;445700;TVA sur vente - CLIENT_010;0.00;895.47;FAC2024-0479
2024-01-06;VT;411000;Facture N°FAC2024-0480 - CLIENT_011;303108.47;0.00;FAC2024-0480
2024-01-06;VT;700000;Vente marchandises - CLIENT_011;0.00;254713;FAC2024-0480
2024-01-06;VT;445700;TVA sur vente - CLIENT_011;0.00;48395.47;FAC2024-0480
2024-11-08;VT;411000;Facture N°FAC2024-0481 - CLIENT_003;341105.17;0.00;FAC2024-0481
2024-11-08;VT;700000;Vente marchandises - CLIENT_003;0.00;286643;FAC2024-0481
2024-11-08;VT;445700;TVA sur vente - CLIENT_003;0.00;54462.17;FAC2024-0481
2024-05-30;VT;411000;Facture N°FAC2024-0482 - CLIENT_006;192185.00;0.00;FAC2024-0482
2024-05-30;VT;700000;Vente marchandises - CLIENT_006;0.00;161500;FAC2024-0482
2024-05-30;VT;445700;TVA sur vente - CLIENT_006;0.00;30685.00;FAC2024-0482
2024-05-30;VT;411000;Facture N°FAC2024-0483 - CLIENT_018;119572.39;0.00;FAC2024-0483
2024-05-30;VT;700000;Vente marchandises - CLIENT_018;0.00;100481;FAC2024-0483
2024-05-30;VT;445700;TVA sur vente - CLIENT_018;0.00;19091.39;FAC2024-0483
2024-01-27;VT;411000;Facture N°FAC2024-0484 - CLIENT_019;383636.96;0.00;FAC2024-0484
2024-01-27;VT;700000;Vente marchandises - CLIENT_019;0.00;322384;FAC2024-0484
2024-01-27;VT;445700;TVA sur vente - CLIENT_019;0.00;61252.96;FAC2024-0484
2024-08-24;VT;411000;Facture N°FAC2024-0485 - CLIENT_020;187829.89;0.00;FAC2024-0485
2024-08-24;VT;700000;Vente marchandises - CLIENT_020;0.00;172321;FAC2024-0485
2024-08-24;VT;445700;TVA sur vente - CLIENT_020;0.00;15508.89;FAC2024-0485
2024-05-15;VT;411000;Facture N°FAC2024-0486 - CLIENT_009;177350.46;0.00;FAC2024-0486
2024-05-15;VT;700000;Vente marchandises - CLIENT_009;0.00;149034;FAC2024-0486
2024-05-15;VT;445700;TVA sur vente - CLIENT_009;0.00;28316.46;FAC2024-0486
2024-11-27;VT;411000;Facture N°FAC2024-0487 - CLIENT_006;158787.65;0.00;FAC2024-0487
2024-11-27;VT;700000;Vente marchandises - CLIENT_006;0.00;133435;FAC2024-0487
2024-11-27;VT;445700;TVA sur vente - CLIENT_006;0.00;25352.65;FAC2024-0487
2024-12-19;VT;411000;Facture N°FAC2024-0488 - CLIENT_002;484513.26;0.00;FAC2024-0488
2024-12-19;VT;700000;Vente marchandises - CLIENT_002;0.00;407154;FAC2024-0488
2024-12-19;VT;445700;TVA sur vente - CLIENT_002;0.00;77359.26;FAC2024-0488
2024-07-13;VT;411000;Facture N°FAC2024-0489 - CLIENT_001;57630.51;0.00;FAC2024-0489
2024-07-13;VT;700000;Vente marchandises - CLIENT_001;0.00;48429;FAC2024-0489
2024-07-13;VT;445700;TVA sur vente - CLIENT_001;0.00;9201.51;FAC2024-0489
2024-05-03;VT;411000;Facture N°FAC2024-0490 - CLIENT_018;70318.08;0.00;FAC2024-0490
2024-05-03;VT;700000;Vente marchandises - CLIENT_018;0.00;64512;FAC2024-0490
2024-05-03;VT;445700;TVA sur vente - CLIENT_018;0.00;5806.08;FAC2024-0490
2024-01-07;VT;411000;Facture N°FAC2024-0491 - CLIENT_020;251638.59;0.00;FAC2024-0491
2024-01-07;VT;700000;Vente marchandises - CLIENT_020;0.00;211461;FAC2024-0491
2024-01-07;VT;445700;TVA sur vente - CLIENT_020;0.00;40177.59;FAC2024-0491
2024-08-08;VT;411000;Facture N°FAC2024-0492 - CLIENT_003;544328.61;0.00;FAC2024-0492
2024-08-08;VT;700000;Vente marchandises - CLIENT_003;0.00;457419;FAC2024-0492
2024-08-08;VT;445700;TVA sur vente - CLIENT_003;0.00;86909.61;FAC2024-0492
2024-12-26;VT;411000;Facture N°FAC2024-0493 - CLIENT_016;173773.32;0.00;FAC2024-0493
2024-12-26;VT;700000;Vente marchandises - CLIENT_016;0.00;146028;FAC2024-0493
2024-12-26;VT;445700;TVA sur vente - CLIENT_016;0.00;27745.32;FAC2024-0493
2024-04-01;VT;411000;Facture N°FAC2024-0494 - CLIENT_011;531653.92;0.00;FAC2024-0494
2024-04-01;VT;700000;Vente marchandises - CLIENT_011;0.00;446768;FAC2024-0494
2024-04-01;VT;445700;TVA sur vente - CLIENT_011;0.00;84885.92;FAC2024-0494
2024-04-03;VT;411000;Facture N°FAC2024-0495 - CLIENT_006;392903.58;0.00;FAC2024-0495
2024-04-03;VT;700000;Vente marchandises - CLIENT_006;0.00;360462;FAC2024-0495
2024-04-03;VT;445700;TVA sur vente - CLIENT_006;0.00;32441.58;FAC2024-0495
2024-09-21;VT;411000;Facture N°FAC2024-0496 - CLIENT_008;183772.89;0.00;FAC2024-0496
2024-09-21;VT;700000;Vente marchandises - CLIENT_008;0.00;154431;FAC2024-0496
2024-09-21;VT;445700;TVA sur vente - CLIENT_008;0.00;29341.89;FAC2024-0496
2024-10-16;VT;411000;Facture N°FAC2024-0497 - CLIENT_016;235091.64;0.00;FAC2024-0497
2024-10-16;VT;700000;Vente marchandises - CLIENT_016;0.00;197556;FAC2024-0497
2024-10-16;VT;445700;TVA sur vente - CLIENT_016;0.00;37535.64;FAC2024-0497
2024-03-25;VT;411000;Facture N°FAC2024-0498 - CLIENT_005;249906.48;0.00;FAC2024-0498
2024-03-25;VT;700000;Vente marchandises - CLIENT_005;0.00;229272;FAC2024-0498
2024-03-25;VT;445700;TVA sur vente - CLIENT_005;0.00;20634.48;FAC2024-0498
2024-10-03;VT;411000;Facture N°FAC2024-0499 - CLIENT_006;184767.73;0.00;FAC2024-0499
2024-10-03;VT;700000;Vente marchandises - CLIENT_006;0.00;155267;FAC2024-0499
2024-10-03;VT;445700;TVA sur vente - CLIENT_006;0.00;29500.73;FAC2024-0499
2024-04-26;VT;411000;Facture N°FAC2024-0500 - CLIENT_017;2296.70;0.00;FAC2024-0500
2024-04-26;VT;700000;Vente marchandises - CLIENT_017;0.00;1930;FAC2024-0500
2024-04-26;VT;445700;TVA sur vente - CLIENT_017;0.00;366.70;FAC2024-0500
